001_uMmV3EgD76U-039	9.6096	288
001_uMmV3EgD76U-040	62.01195	1860
001_uMmV3EgD76U-041	80.28020000000001	2408
001_uMmV3EgD76U-042	15.298616666666668	459
001_uMmV3EgD76U-045	21.087733333333333	633
001_uMmV3EgD76U-046	59.49276666666667	1785
001_uMmV3EgD76U-047	50.96758333333334	1529
001_uMmV3EgD76U-048	41.35798333333334	1241
001_uMmV3EgD76U-049	12.26225	368
001_uMmV3EgD76U-050	21.905216666666668	657
001_uMmV3EgD76U-051	49.6496	1489
001_uMmV3EgD76U-052	4.3043000000000005	129
001_uMmV3EgD76U-053	53.18646666666667	1596
001_uMmV3EgD76U-054	24.2242	727
001_uMmV3EgD76U-055	4.738066666666667	142
001_uMmV3EgD76U-056	43.57686666666667	1307
001_uMmV3EgD76U-057	14.981633333333333	449
001_uMmV3EgD76U-058	50.31693333333333	1510
001_uMmV3EgD76U-059	116.38293333333334	3491
001_uMmV3EgD76U-060	23.523500000000002	706
001_uMmV3EgD76U-061	5.622283333333334	169
001_uMmV3EgD76U-063	10.977633333333333	329
001_uMmV3EgD76U-064	14.347666666666667	430
001_uMmV3EgD76U-065	48.415033333333334	1452
001_uMmV3EgD76U-066	110.74396666666667	3322
001_uMmV3EgD76U-067	35.61891666666667	1069
001_uMmV3EgD76U-068	10.527183333333333	316
001_uMmV3EgD76U-069	168.96880000000002	5069
001_uMmV3EgD76U-070	19.352666666666668	581
001_uMmV3EgD76U-071	4.1041	123
001_uMmV3EgD76U-072	12.145466666666668	364
001_uMmV3EgD76U-073	20.303616666666667	609
001_uMmV3EgD76U-074	70.12005	2104
001_uMmV3EgD76U-075	38.62191666666667	1159
001_uMmV3EgD76U-076	153.5534	4607
001_uMmV3EgD76U-077	28.261566666666667	848
001_uMmV3EgD76U-078	43.76038333333334	1313
001_uMmV3EgD76U-079	4.621283333333333	139
001_uMmV3EgD76U-080	262.6290333333333	7879
001_uMmV3EgD76U-081	107.22378333333333	3217
001_uMmV3EgD76U-082	22.355666666666668	671
001_uMmV3EgD76U-083	36.61991666666667	1099
001_uMmV3EgD76U-084	41.274566666666665	1238
001_uMmV3EgD76U-085	9.526183333333334	286
001_uMmV3EgD76U-086	23.223200000000002	697
001_uMmV3EgD76U-087	7.724383333333334	232
001_uMmV3EgD76U-100	92.45903333333334	2774
001_uMmV3EgD76U-187	29.7297	892
001_uMmV3EgD76U-190	25.5255	766
001_uMmV3EgD76U-206	8.608600000000001	258
001_uMmV3EgD76U-207	13.046366666666668	391
001_uMmV3EgD76U-208	6.05605	182
001_uMmV3EgD76U-211	9.776433333333333	293
001_uMmV3EgD76U-213	8.324983333333334	250
001_uMmV3EgD76U-221	7.85785	236
001_uMmV3EgD76U-222	11.594916666666666	348
001_uMmV3EgD76U-223	4.237566666666667	127
002_3fqdtqk4LA0-002	9.092416666666667	273
002_3fqdtqk4LA0-060	53.8538	1616
002_3fqdtqk4LA0-061	9.242566666666667	277
002_3fqdtqk4LA0-062	7.05705	212
002_3fqdtqk4LA0-063	5.45545	164
002_3fqdtqk4LA0-064	36.1361	1084
002_3fqdtqk4LA0-065	12.962950000000001	389
002_3fqdtqk4LA0-066	18.101416666666665	543
002_3fqdtqk4LA0-067	43.10973333333333	1293
002_3fqdtqk4LA0-068	39.37266666666667	1181
002_3fqdtqk4LA0-069	15.36535	461
002_3fqdtqk4LA0-070	139.20573333333334	4176
002_3fqdtqk4LA0-071	23.356666666666666	701
002_3fqdtqk4LA0-072	18.651966666666667	560
002_3fqdtqk4LA0-073	23.373350000000002	701
002_3fqdtqk4LA0-074	25.709016666666667	771
002_3fqdtqk4LA0-075	23.47345	704
002_3fqdtqk4LA0-076	120.28683333333333	3609
002_3fqdtqk4LA0-077	81.49808333333334	2445
002_3fqdtqk4LA0-078	32.11541666666667	963
002_3fqdtqk4LA0-079	58.79206666666667	1764
002_3fqdtqk4LA0-080	58.10805	1743
002_3fqdtqk4LA0-081	33.61691666666667	1009
002_3fqdtqk4LA0-082	5.005	150
002_3fqdtqk4LA0-083	8.458450000000001	254
002_3fqdtqk4LA0-084	62.09536666666667	1863
002_3fqdtqk4LA0-085	13.9139	417
002_3fqdtqk4LA0-086	25.091733333333334	753
002_3fqdtqk4LA0-087	17.734383333333334	532
002_3fqdtqk4LA0-088	13.246566666666666	397
002_3fqdtqk4LA0-089	44.527816666666666	1336
002_3fqdtqk4LA0-090	4.7047	141
002_3fqdtqk4LA0-091	12.4124	372
002_3fqdtqk4LA0-092	8.024683333333334	241
002_3fqdtqk4LA0-093	3.4367666666666667	103
002_3fqdtqk4LA0-094	11.5115	345
002_3fqdtqk4LA0-095	8.241566666666667	247
002_3fqdtqk4LA0-096	38.705333333333336	1161
002_3fqdtqk4LA0-097	36.25288333333334	1088
002_3fqdtqk4LA0-098	37.68765	1131
002_3fqdtqk4LA0-099	4.738066666666667	142
002_3fqdtqk4LA0-100	31.564866666666667	947
002_3fqdtqk4LA0-101	10.093416666666666	303
002_3fqdtqk4LA0-102	4.187516666666666	126
002_3fqdtqk4LA0-103	12.729383333333333	382
002_3fqdtqk4LA0-104	62.6626	1880
002_3fqdtqk4LA0-105	38.221516666666666	1147
002_3fqdtqk4LA0-106	76.14273333333334	2284
002_3fqdtqk4LA0-107	8.291616666666666	249
002_3fqdtqk4LA0-108	21.805116666666667	654
002_3fqdtqk4LA0-109	28.07805	842
002_3fqdtqk4LA0-110	7.724383333333334	232
002_3fqdtqk4LA0-111	77.02695	2311
002_3fqdtqk4LA0-112	29.696333333333335	891
002_3fqdtqk4LA0-113	87.27051666666667	2618
002_3fqdtqk4LA0-125	70.03663333333334	2101
002_3fqdtqk4LA0-136	5.0550500000000005	152
002_3fqdtqk4LA0-137	3.036366666666667	91
003_GSl89uoIGOU-045	3.4034	102
003_GSl89uoIGOU-050	24.724700000000002	742
003_GSl89uoIGOU-051	13.930583333333333	418
003_GSl89uoIGOU-052	8.224883333333333	247
003_GSl89uoIGOU-053	35.752383333333334	1073
003_GSl89uoIGOU-054	53.887166666666666	1617
003_GSl89uoIGOU-055	42.49245	1275
003_GSl89uoIGOU-056	52.11873333333333	1564
003_GSl89uoIGOU-057	6.1227833333333335	184
003_GSl89uoIGOU-058	4.170833333333333	125
003_GSl89uoIGOU-059	17.56755	527
003_GSl89uoIGOU-060	36.302933333333335	1089
003_GSl89uoIGOU-061	11.378033333333333	341
003_GSl89uoIGOU-062	4.270933333333334	128
003_GSl89uoIGOU-063	27.877850000000002	836
003_GSl89uoIGOU-064	86.26951666666668	2588
003_GSl89uoIGOU-065	8.742066666666666	262
003_GSl89uoIGOU-066	22.639283333333335	679
003_GSl89uoIGOU-067	20.687333333333335	621
003_GSl89uoIGOU-068	15.86585	476
003_GSl89uoIGOU-069	55.30525	1659
003_GSl89uoIGOU-070	34.48445	1035
003_GSl89uoIGOU-071	11.578233333333333	347
003_GSl89uoIGOU-072	12.16215	365
003_GSl89uoIGOU-073	27.811116666666667	834
003_GSl89uoIGOU-074	12.779433333333333	383
003_GSl89uoIGOU-075	79.67960000000001	2390
003_GSl89uoIGOU-076	30.597233333333335	918
003_GSl89uoIGOU-077	10.560550000000001	317
003_GSl89uoIGOU-078	10.694016666666666	321
003_GSl89uoIGOU-079	59.69296666666667	1791
003_GSl89uoIGOU-080	33.28325	998
003_GSl89uoIGOU-081	49.816433333333336	1494
003_GSl89uoIGOU-082	20.754066666666667	623
003_GSl89uoIGOU-083	8.55855	257
003_GSl89uoIGOU-084	7.991316666666667	240
003_GSl89uoIGOU-085	27.210516666666667	816
003_GSl89uoIGOU-086	15.76575	473
003_GSl89uoIGOU-087	16.700016666666667	501
003_GSl89uoIGOU-088	79.26251666666667	2378
003_GSl89uoIGOU-089	27.744383333333335	832
003_GSl89uoIGOU-090	8.925583333333334	268
003_GSl89uoIGOU-091	79.56281666666666	2387
003_GSl89uoIGOU-092	12.395716666666667	372
003_GSl89uoIGOU-093	11.8118	354
003_GSl89uoIGOU-094	12.278933333333333	368
003_GSl89uoIGOU-095	31.48145	944
003_GSl89uoIGOU-096	5.288616666666667	159
003_GSl89uoIGOU-097	12.362350000000001	371
003_GSl89uoIGOU-098	16.433083333333332	493
003_GSl89uoIGOU-099	24.441083333333335	733
003_GSl89uoIGOU-100	108.32488333333333	3250
003_GSl89uoIGOU-101	3.8371666666666666	115
003_GSl89uoIGOU-102	5.488816666666667	165
003_GSl89uoIGOU-103	4.337666666666666	130
003_GSl89uoIGOU-104	45.29525	1359
003_GSl89uoIGOU-105	108.05795	3242
003_GSl89uoIGOU-106	45.829116666666664	1375
003_GSl89uoIGOU-107	53.7537	1613
003_GSl89uoIGOU-108	5.9059	177
003_GSl89uoIGOU-109	3.6703333333333332	110
003_GSl89uoIGOU-110	13.797116666666668	414
003_GSl89uoIGOU-119	34.3343	1030
003_GSl89uoIGOU-151	10.3103	309
003_GSl89uoIGOU-154	32.79943333333333	984
004_2ECCQ2LOvEM-032	20.937583333333333	628
004_2ECCQ2LOvEM-033	4.25425	128
004_2ECCQ2LOvEM-034	18.9189	568
004_2ECCQ2LOvEM-035	10.06005	302
004_2ECCQ2LOvEM-036	41.30793333333333	1239
004_2ECCQ2LOvEM-037	49.2492	1477
004_2ECCQ2LOvEM-038	34.00063333333333	1020
004_2ECCQ2LOvEM-039	102.91948333333333	3088
004_2ECCQ2LOvEM-040	8.224883333333333	247
004_2ECCQ2LOvEM-041	28.328300000000002	850
004_2ECCQ2LOvEM-043	19.502816666666668	585
004_2ECCQ2LOvEM-044	7.55755	227
004_2ECCQ2LOvEM-045	11.177833333333334	335
004_2ECCQ2LOvEM-046	24.157466666666668	725
004_2ECCQ2LOvEM-047	14.86485	446
004_2ECCQ2LOvEM-048	23.907216666666667	717
004_2ECCQ2LOvEM-049	21.337983333333334	640
004_2ECCQ2LOvEM-050	38.67196666666667	1160
004_2ECCQ2LOvEM-051	17.634283333333332	529
004_2ECCQ2LOvEM-052	10.260250000000001	308
004_2ECCQ2LOvEM-053	126.69323333333334	3801
004_2ECCQ2LOvEM-054	5.989316666666666	180
004_2ECCQ2LOvEM-055	31.36466666666667	941
004_2ECCQ2LOvEM-056	21.77175	653
004_2ECCQ2LOvEM-057	7.390716666666667	222
004_2ECCQ2LOvEM-058	18.852166666666665	566
004_2ECCQ2LOvEM-059	32.24888333333333	967
004_2ECCQ2LOvEM-060	21.237883333333333	637
004_2ECCQ2LOvEM-061	13.747066666666667	412
004_2ECCQ2LOvEM-062	8.05805	242
004_2ECCQ2LOvEM-063	6.673333333333334	200
004_2ECCQ2LOvEM-064	23.973950000000002	719
004_2ECCQ2LOvEM-065	5.939266666666667	178
004_2ECCQ2LOvEM-066	63.39666666666667	1902
004_2ECCQ2LOvEM-067	3.15315	95
004_2ECCQ2LOvEM-068	27.394033333333333	822
004_2ECCQ2LOvEM-069	57.857800000000005	1736
004_2ECCQ2LOvEM-070	8.775433333333334	263
004_2ECCQ2LOvEM-071	19.386033333333334	582
004_2ECCQ2LOvEM-072	18.735383333333335	562
004_2ECCQ2LOvEM-073	23.556866666666668	707
004_2ECCQ2LOvEM-074	46.47976666666667	1394
004_2ECCQ2LOvEM-075	79.14573333333334	2374
004_2ECCQ2LOvEM-076	22.655966666666668	680
004_2ECCQ2LOvEM-077	20.6206	619
004_2ECCQ2LOvEM-078	23.640283333333333	709
004_2ECCQ2LOvEM-079	11.244566666666667	337
004_2ECCQ2LOvEM-080	71.88848333333334	2157
004_2ECCQ2LOvEM-125	6.45645	194
004_2ECCQ2LOvEM-126	10.527183333333333	316
005_QzYwK6yMKqY-051	7.7077	231
005_QzYwK6yMKqY-054	17.233883333333335	517
005_QzYwK6yMKqY-055	12.9129	387
005_QzYwK6yMKqY-056	66.59986666666667	1998
005_QzYwK6yMKqY-057	44.21083333333333	1326
005_QzYwK6yMKqY-058	19.836483333333334	595
005_QzYwK6yMKqY-059	44.42771666666667	1333
005_QzYwK6yMKqY-060	8.7087	261
005_QzYwK6yMKqY-061	104.18741666666666	3126
005_QzYwK6yMKqY-062	7.841166666666667	235
005_QzYwK6yMKqY-063	28.97895	869
005_QzYwK6yMKqY-064	32.8328	985
005_QzYwK6yMKqY-065	52.96958333333333	1589
005_QzYwK6yMKqY-066	35.50213333333333	1065
005_QzYwK6yMKqY-067	61.67828333333333	1850
005_QzYwK6yMKqY-068	10.694016666666666	321
005_QzYwK6yMKqY-069	18.385033333333332	552
005_QzYwK6yMKqY-070	46.83011666666667	1405
005_QzYwK6yMKqY-071	67.31725	2020
005_QzYwK6yMKqY-072	10.710700000000001	321
005_QzYwK6yMKqY-073	12.7127	381
005_QzYwK6yMKqY-074	12.095416666666667	363
005_QzYwK6yMKqY-075	9.809800000000001	294
005_QzYwK6yMKqY-076	19.703016666666667	591
005_QzYwK6yMKqY-077	41.825116666666666	1255
005_QzYwK6yMKqY-078	11.644966666666667	349
005_QzYwK6yMKqY-079	4.637966666666666	139
005_QzYwK6yMKqY-080	8.725383333333333	262
005_QzYwK6yMKqY-081	8.692016666666667	261
005_QzYwK6yMKqY-082	125.37525000000001	3761
005_QzYwK6yMKqY-083	40.45708333333334	1214
005_QzYwK6yMKqY-084	4.838166666666667	145
005_QzYwK6yMKqY-085	9.042366666666666	271
005_QzYwK6yMKqY-086	37.504133333333336	1125
005_QzYwK6yMKqY-087	41.341300000000004	1240
005_QzYwK6yMKqY-088	16.06605	482
005_QzYwK6yMKqY-089	100.36693333333334	3011
005_QzYwK6yMKqY-090	22.889533333333333	687
005_QzYwK6yMKqY-091	32.265566666666665	968
005_QzYwK6yMKqY-092	48.248200000000004	1447
005_QzYwK6yMKqY-093	6.5732333333333335	197
005_QzYwK6yMKqY-094	45.51213333333333	1365
005_QzYwK6yMKqY-095	16.700016666666667	501
005_QzYwK6yMKqY-096	10.694016666666666	321
005_QzYwK6yMKqY-097	125.77565	3773
005_QzYwK6yMKqY-115	9.526183333333334	286
005_QzYwK6yMKqY-116	5.989316666666666	180
006_eUwJNPnijmI-003	3.6703333333333332	110
006_eUwJNPnijmI-005	3.937266666666667	118
006_eUwJNPnijmI-009	4.721383333333334	142
006_eUwJNPnijmI-099	65.34861666666667	1960
006_eUwJNPnijmI-100	33.416716666666666	1003
006_eUwJNPnijmI-101	32.61591666666667	978
006_eUwJNPnijmI-102	19.903216666666665	597
006_eUwJNPnijmI-103	24.157466666666668	725
006_eUwJNPnijmI-104	122.35556666666668	3671
006_eUwJNPnijmI-105	37.72101666666667	1132
006_eUwJNPnijmI-106	21.8218	655
006_eUwJNPnijmI-107	59.125733333333336	1774
006_eUwJNPnijmI-108	30.246883333333333	907
006_eUwJNPnijmI-109	28.2282	847
006_eUwJNPnijmI-110	81.86511666666667	2456
006_eUwJNPnijmI-111	29.746383333333334	892
006_eUwJNPnijmI-112	78.99558333333333	2370
006_eUwJNPnijmI-113	87.83775	2635
006_eUwJNPnijmI-114	32.68265	980
006_eUwJNPnijmI-115	16.700016666666667	501
006_eUwJNPnijmI-116	34.2342	1027
006_eUwJNPnijmI-117	117.75096666666667	3533
006_eUwJNPnijmI-118	37.737700000000004	1132
006_eUwJNPnijmI-119	4.4544500000000005	134
006_eUwJNPnijmI-120	38.38835	1152
006_eUwJNPnijmI-121	6.473133333333333	194
006_eUwJNPnijmI-122	139.0389	4171
006_eUwJNPnijmI-123	237.68745	7131
006_eUwJNPnijmI-124	6.940266666666667	208
006_eUwJNPnijmI-125	14.581233333333333	437
006_eUwJNPnijmI-126	229.16226666666668	6875
006_eUwJNPnijmI-127	13.797116666666668	414
006_eUwJNPnijmI-128	88.70528333333334	2661
006_eUwJNPnijmI-129	11.428083333333333	343
006_eUwJNPnijmI-130	102.25215	3068
006_eUwJNPnijmI-162	57.9579	1739
006_eUwJNPnijmI-174	7.440766666666667	223
007_YcZ0jF2qsM0-024	31.798433333333335	954
007_YcZ0jF2qsM0-025	12.746066666666668	382
007_YcZ0jF2qsM0-026	4.938266666666666	148
007_YcZ0jF2qsM0-027	14.06405	422
007_YcZ0jF2qsM0-028	17.734383333333334	532
007_YcZ0jF2qsM0-029	39.005633333333336	1170
007_YcZ0jF2qsM0-030	10.01	300
007_YcZ0jF2qsM0-031	14.748066666666666	442
007_YcZ0jF2qsM0-032	9.976633333333334	299
007_YcZ0jF2qsM0-033	17.76775	533
007_YcZ0jF2qsM0-034	35.05168333333334	1052
007_YcZ0jF2qsM0-035	3.4701333333333335	104
007_YcZ0jF2qsM0-036	9.092416666666667	273
007_YcZ0jF2qsM0-037	92.30888333333334	2769
007_YcZ0jF2qsM0-038	16.583233333333332	497
007_YcZ0jF2qsM0-039	63.64691666666667	1909
007_YcZ0jF2qsM0-040	12.362350000000001	371
007_YcZ0jF2qsM0-041	29.462766666666667	884
007_YcZ0jF2qsM0-042	29.396033333333335	882
007_YcZ0jF2qsM0-043	7.273933333333334	218
007_YcZ0jF2qsM0-044	23.990633333333335	720
007_YcZ0jF2qsM0-045	53.08636666666667	1593
007_YcZ0jF2qsM0-046	92.20878333333333	2766
007_YcZ0jF2qsM0-047	8.291616666666666	249
007_YcZ0jF2qsM0-048	13.2132	396
007_YcZ0jF2qsM0-049	39.25588333333334	1178
007_YcZ0jF2qsM0-050	50.13341666666667	1504
007_YcZ0jF2qsM0-051	40.373666666666665	1211
007_YcZ0jF2qsM0-052	34.017316666666666	1021
007_YcZ0jF2qsM0-053	55.989266666666666	1680
007_YcZ0jF2qsM0-054	3.5035000000000003	105
007_YcZ0jF2qsM0-055	21.438083333333335	643
007_YcZ0jF2qsM0-056	18.702016666666665	561
007_YcZ0jF2qsM0-057	31.1311	934
007_YcZ0jF2qsM0-058	40.440400000000004	1213
007_YcZ0jF2qsM0-059	115.56545	3467
007_YcZ0jF2qsM0-060	20.9209	628
007_YcZ0jF2qsM0-061	13.646966666666668	409
007_YcZ0jF2qsM0-062	7.25725	218
007_YcZ0jF2qsM0-063	39.48945	1185
007_YcZ0jF2qsM0-064	98.44835	2953
007_YcZ0jF2qsM0-065	45.662283333333335	1370
007_YcZ0jF2qsM0-066	25.241883333333334	757
007_YcZ0jF2qsM0-067	10.577233333333334	317
007_YcZ0jF2qsM0-068	96.71328333333334	2901
007_YcZ0jF2qsM0-069	3.5035000000000003	105
007_YcZ0jF2qsM0-070	3.3533500000000003	101
007_YcZ0jF2qsM0-160	8.892216666666666	267
007_YcZ0jF2qsM0-161	6.4230833333333335	193
007_YcZ0jF2qsM0-163	7.4741333333333335	224
007_YcZ0jF2qsM0-165	6.2062	186
007_YcZ0jF2qsM0-167	12.045366666666666	361
007_YcZ0jF2qsM0-169	11.86185	356
007_YcZ0jF2qsM0-170	3.7203833333333334	112
008_XHBjoR1bWG0-028	8.308300000000001	249
008_XHBjoR1bWG0-029	15.281933333333333	458
008_XHBjoR1bWG0-030	41.39135	1242
008_XHBjoR1bWG0-031	12.078733333333334	362
008_XHBjoR1bWG0-032	54.054	1622
008_XHBjoR1bWG0-033	27.47745	824
008_XHBjoR1bWG0-034	12.429083333333333	373
008_XHBjoR1bWG0-035	17.500816666666665	525
008_XHBjoR1bWG0-036	10.143466666666667	304
008_XHBjoR1bWG0-037	39.355983333333334	1181
008_XHBjoR1bWG0-038	94.96153333333334	2849
008_XHBjoR1bWG0-039	6.45645	194
008_XHBjoR1bWG0-040	34.6346	1039
008_XHBjoR1bWG0-041	54.58786666666667	1638
008_XHBjoR1bWG0-042	14.86485	446
008_XHBjoR1bWG0-043	10.06005	302
008_XHBjoR1bWG0-044	159.8597	4796
008_XHBjoR1bWG0-045	50.50045	1515
008_XHBjoR1bWG0-046	38.55518333333333	1157
008_XHBjoR1bWG0-047	6.222883333333334	187
008_XHBjoR1bWG0-048	75.20846666666667	2256
008_XHBjoR1bWG0-049	26.142783333333334	784
008_XHBjoR1bWG0-050	22.389033333333334	672
008_XHBjoR1bWG0-051	137.0369	4111
008_XHBjoR1bWG0-052	14.447766666666666	433
008_XHBjoR1bWG0-053	28.611916666666666	858
008_XHBjoR1bWG0-054	28.044683333333335	841
008_XHBjoR1bWG0-055	76.64323333333334	2299
008_XHBjoR1bWG0-056	20.203516666666665	606
008_XHBjoR1bWG0-057	77.09368333333333	2313
008_XHBjoR1bWG0-058	42.67596666666667	1280
008_XHBjoR1bWG0-059	5.872533333333333	176
008_XHBjoR1bWG0-060	3.003	90
008_XHBjoR1bWG0-061	12.012	360
008_XHBjoR1bWG0-062	8.341666666666667	250
008_XHBjoR1bWG0-063	91.70828333333334	2751
008_XHBjoR1bWG0-064	5.472133333333334	164
008_XHBjoR1bWG0-065	32.68265	980
008_XHBjoR1bWG0-066	42.37566666666667	1271
008_XHBjoR1bWG0-067	113.8137	3414
008_XHBjoR1bWG0-068	22.889533333333333	687
008_XHBjoR1bWG0-069	99.88311666666667	2996
008_XHBjoR1bWG0-070	74.27420000000001	2228
008_XHBjoR1bWG0-071	29.062366666666666	872
008_XHBjoR1bWG0-072	31.1311	934
008_XHBjoR1bWG0-073	93.67691666666667	2810
008_XHBjoR1bWG0-074	21.154466666666668	635
008_XHBjoR1bWG0-075	58.875483333333335	1766
008_XHBjoR1bWG0-094	22.856166666666667	686
009_39r_0KW0qg4-029	9.25925	278
009_39r_0KW0qg4-030	5.522183333333333	166
009_39r_0KW0qg4-031	43.57686666666667	1307
009_39r_0KW0qg4-032	58.575183333333335	1757
009_39r_0KW0qg4-033	4.087416666666667	123
009_39r_0KW0qg4-034	11.644966666666667	349
009_39r_0KW0qg4-035	88.40498333333333	2652
009_39r_0KW0qg4-036	21.121100000000002	634
009_39r_0KW0qg4-037	8.124783333333333	244
009_39r_0KW0qg4-038	46.046	1381
009_39r_0KW0qg4-039	35.8358	1075
009_39r_0KW0qg4-040	19.753066666666665	593
009_39r_0KW0qg4-041	42.70933333333333	1281
009_39r_0KW0qg4-042	11.911900000000001	357
009_39r_0KW0qg4-043	53.23651666666667	1597
009_39r_0KW0qg4-044	13.646966666666668	409
009_39r_0KW0qg4-045	75.09168333333334	2253
009_39r_0KW0qg4-046	29.7297	892
009_39r_0KW0qg4-047	9.1091	273
009_39r_0KW0qg4-048	15.281933333333333	458
009_39r_0KW0qg4-049	15.26525	458
009_39r_0KW0qg4-050	62.11205	1863
009_39r_0KW0qg4-051	7.223883333333333	217
009_39r_0KW0qg4-052	28.07805	842
009_39r_0KW0qg4-053	10.877533333333334	326
009_39r_0KW0qg4-054	15.331983333333334	460
009_39r_0KW0qg4-055	93.72696666666667	2812
009_39r_0KW0qg4-056	23.006316666666667	690
009_39r_0KW0qg4-057	9.843166666666667	295
009_39r_0KW0qg4-058	13.646966666666668	409
009_39r_0KW0qg4-059	4.788116666666666	144
009_39r_0KW0qg4-060	6.1061000000000005	183
009_39r_0KW0qg4-061	42.1421	1264
009_39r_0KW0qg4-062	21.454766666666668	644
009_39r_0KW0qg4-063	4.320983333333333	130
009_39r_0KW0qg4-064	29.1291	874
009_39r_0KW0qg4-065	34.10073333333333	1023
009_39r_0KW0qg4-066	5.6056	168
009_39r_0KW0qg4-067	27.811116666666667	834
009_39r_0KW0qg4-068	66.1661	1985
009_39r_0KW0qg4-069	48.7487	1462
009_39r_0KW0qg4-070	10.493816666666667	315
009_39r_0KW0qg4-071	29.946583333333333	898
009_39r_0KW0qg4-072	46.863483333333335	1406
009_39r_0KW0qg4-073	54.43771666666667	1633
009_39r_0KW0qg4-074	30.03	901
009_39r_0KW0qg4-075	6.3063	189
009_39r_0KW0qg4-076	82.54913333333333	2476
009_39r_0KW0qg4-077	15.1151	453
009_39r_0KW0qg4-078	20.970950000000002	629
009_39r_0KW0qg4-079	20.286933333333334	609
009_39r_0KW0qg4-080	72.50576666666667	2175
009_39r_0KW0qg4-081	6.5065	195
009_39r_0KW0qg4-082	26.893533333333334	807
009_39r_0KW0qg4-083	15.56555	467
009_39r_0KW0qg4-084	64.7647	1943
009_39r_0KW0qg4-085	17.4174	523
009_39r_0KW0qg4-086	25.909216666666666	777
009_39r_0KW0qg4-087	124.69123333333333	3741
009_39r_0KW0qg4-088	3.6036	108
009_39r_0KW0qg4-089	36.48645	1095
009_39r_0KW0qg4-090	10.744066666666667	322
009_39r_0KW0qg4-091	60.126733333333334	1804
009_39r_0KW0qg4-092	43.326616666666666	1300
009_39r_0KW0qg4-093	13.76375	413
009_39r_0KW0qg4-094	121.2211	3637
009_39r_0KW0qg4-095	6.65665	200
009_39r_0KW0qg4-096	20.286933333333334	609
009_39r_0KW0qg4-114	70.20346666666667	2106
009_39r_0KW0qg4-148	11.044366666666667	331
010_YM3vz3Qsiuo-064	5.3053	159
010_YM3vz3Qsiuo-065	4.738066666666667	142
010_YM3vz3Qsiuo-066	12.345666666666666	370
010_YM3vz3Qsiuo-067	32.932900000000004	988
010_YM3vz3Qsiuo-068	48.13141666666667	1444
010_YM3vz3Qsiuo-069	12.7127	381
010_YM3vz3Qsiuo-070	22.922900000000002	688
010_YM3vz3Qsiuo-071	62.07868333333334	1862
010_YM3vz3Qsiuo-072	125.70891666666667	3771
010_YM3vz3Qsiuo-073	5.121783333333333	154
010_YM3vz3Qsiuo-074	34.90153333333333	1047
010_YM3vz3Qsiuo-075	3.2032000000000003	96
010_YM3vz3Qsiuo-076	37.10373333333333	1113
010_YM3vz3Qsiuo-077	16.132783333333332	484
010_YM3vz3Qsiuo-078	122.83938333333333	3685
010_YM3vz3Qsiuo-079	21.988633333333333	660
010_YM3vz3Qsiuo-080	40.45708333333334	1214
010_YM3vz3Qsiuo-081	20.236883333333335	607
010_YM3vz3Qsiuo-082	70.15341666666667	2105
010_YM3vz3Qsiuo-083	35.95258333333334	1079
010_YM3vz3Qsiuo-084	31.031	931
010_YM3vz3Qsiuo-085	18.101416666666665	543
010_YM3vz3Qsiuo-086	28.07805	842
010_YM3vz3Qsiuo-087	12.178833333333333	365
010_YM3vz3Qsiuo-088	4.537866666666667	136
010_YM3vz3Qsiuo-089	34.10073333333333	1023
010_YM3vz3Qsiuo-090	20.520500000000002	616
010_YM3vz3Qsiuo-091	37.40403333333333	1122
010_YM3vz3Qsiuo-092	63.58018333333334	1907
010_YM3vz3Qsiuo-093	57.82443333333333	1735
010_YM3vz3Qsiuo-094	6.75675	203
010_YM3vz3Qsiuo-095	14.497816666666667	435
010_YM3vz3Qsiuo-096	4.65465	140
010_YM3vz3Qsiuo-097	5.4054	162
010_YM3vz3Qsiuo-099	12.662650000000001	380
010_YM3vz3Qsiuo-100	6.823483333333334	205
010_YM3vz3Qsiuo-101	87.00358333333334	2610
010_YM3vz3Qsiuo-102	30.196833333333334	906
010_YM3vz3Qsiuo-103	80.89748333333334	2427
010_YM3vz3Qsiuo-104	23.87385	716
010_YM3vz3Qsiuo-105	11.728383333333333	352
010_YM3vz3Qsiuo-106	9.325983333333333	280
010_YM3vz3Qsiuo-107	108.67523333333334	3260
010_YM3vz3Qsiuo-108	8.608600000000001	258
010_YM3vz3Qsiuo-109	122.03858333333334	3661
010_YM3vz3Qsiuo-110	45.09505	1353
010_YM3vz3Qsiuo-111	7.6409666666666665	229
010_YM3vz3Qsiuo-112	20.970950000000002	629
010_YM3vz3Qsiuo-113	133.38325	4001
010_YM3vz3Qsiuo-114	8.041366666666667	241
010_YM3vz3Qsiuo-115	29.195833333333333	876
010_YM3vz3Qsiuo-116	12.195516666666666	366
010_YM3vz3Qsiuo-117	5.9059	177
010_YM3vz3Qsiuo-118	114.28083333333333	3428
010_YM3vz3Qsiuo-131	55.80575	1674
010_YM3vz3Qsiuo-150	10.9109	327
010_YM3vz3Qsiuo-151	6.5065	195
010_YM3vz3Qsiuo-152	6.773433333333333	203
010_YM3vz3Qsiuo-153	6.690016666666667	201
010_YM3vz3Qsiuo-154	5.171833333333334	155
011_W2yENt3s5E4-023	8.491816666666667	255
011_W2yENt3s5E4-024	5.038366666666667	151
011_W2yENt3s5E4-025	6.740066666666666	202
011_W2yENt3s5E4-026	27.110416666666666	813
011_W2yENt3s5E4-027	59.426033333333336	1783
011_W2yENt3s5E4-028	10.9109	327
011_W2yENt3s5E4-029	32.1321	964
011_W2yENt3s5E4-030	40.924216666666666	1228
011_W2yENt3s5E4-031	14.748066666666666	442
011_W2yENt3s5E4-032	21.638283333333334	649
011_W2yENt3s5E4-033	10.794116666666667	324
011_W2yENt3s5E4-034	13.5135	405
011_W2yENt3s5E4-035	32.4324	973
011_W2yENt3s5E4-036	19.56955	587
011_W2yENt3s5E4-037	24.2242	727
011_W2yENt3s5E4-038	120.53708333333334	3616
011_W2yENt3s5E4-039	5.071733333333333	152
011_W2yENt3s5E4-040	12.045366666666666	361
011_W2yENt3s5E4-041	14.330983333333334	430
011_W2yENt3s5E4-042	4.4044	132
011_W2yENt3s5E4-043	7.123783333333334	214
011_W2yENt3s5E4-044	89.52276666666667	2686
011_W2yENt3s5E4-045	40.40703333333333	1212
011_W2yENt3s5E4-046	20.303616666666667	609
011_W2yENt3s5E4-047	67.83443333333334	2035
011_W2yENt3s5E4-048	18.551866666666665	557
011_W2yENt3s5E4-049	22.205516666666668	666
011_W2yENt3s5E4-050	11.011000000000001	330
011_W2yENt3s5E4-051	30.096733333333333	903
011_W2yENt3s5E4-052	15.682333333333334	470
011_W2yENt3s5E4-053	47.09705	1413
011_W2yENt3s5E4-054	86.1861	2586
011_W2yENt3s5E4-055	12.9129	387
011_W2yENt3s5E4-056	3.5035000000000003	105
011_W2yENt3s5E4-057	43.09305	1293
011_W2yENt3s5E4-058	125.3252	3760
011_W2yENt3s5E4-059	96.83006666666667	2905
011_W2yENt3s5E4-060	221.50461666666666	6645
011_W2yENt3s5E4-061	49.2492	1477
011_W2yENt3s5E4-062	58.54181666666667	1756
011_W2yENt3s5E4-063	92.55913333333334	2777
011_W2yENt3s5E4-064	38.42171666666667	1153
011_W2yENt3s5E4-065	44.77806666666667	1343
011_W2yENt3s5E4-066	67.06700000000001	2012
011_W2yENt3s5E4-067	27.67765	830
011_W2yENt3s5E4-068	151.06758333333335	4532
011_W2yENt3s5E4-069	22.739383333333333	682
011_W2yENt3s5E4-070	7.3239833333333335	220
011_W2yENt3s5E4-071	31.48145	944
011_W2yENt3s5E4-072	15.098416666666667	453
011_W2yENt3s5E4-073	151.23441666666668	4537
011_W2yENt3s5E4-074	149.16568333333333	4475
011_W2yENt3s5E4-083	5.422083333333333	163
011_W2yENt3s5E4-084	5.772433333333334	173
012_11IFxBotWZI-005	7.073733333333333	212
012_11IFxBotWZI-036	5.1051	153
012_11IFxBotWZI-038	27.360666666666667	821
012_11IFxBotWZI-095	5.2052000000000005	156
012_11IFxBotWZI-096	11.044366666666667	331
012_11IFxBotWZI-097	8.7087	261
012_11IFxBotWZI-098	21.021	631
012_11IFxBotWZI-099	45.311933333333336	1359
012_11IFxBotWZI-100	10.126783333333334	304
012_11IFxBotWZI-101	15.4154	462
012_11IFxBotWZI-102	31.51481666666667	945
012_11IFxBotWZI-103	64.23083333333334	1927
012_11IFxBotWZI-104	39.773066666666665	1193
012_11IFxBotWZI-105	25.658966666666668	770
012_11IFxBotWZI-106	13.113100000000001	393
012_11IFxBotWZI-107	17.9179	538
012_11IFxBotWZI-108	5.472133333333334	164
012_11IFxBotWZI-109	17.350666666666665	521
012_11IFxBotWZI-110	7.223883333333333	217
012_11IFxBotWZI-111	22.338983333333335	670
012_11IFxBotWZI-112	7.307300000000001	219
012_11IFxBotWZI-114	15.181833333333334	455
012_11IFxBotWZI-115	16.833483333333334	505
012_11IFxBotWZI-116	28.028000000000002	841
012_11IFxBotWZI-117	10.794116666666667	324
012_11IFxBotWZI-118	7.123783333333334	214
012_11IFxBotWZI-119	18.435083333333335	553
012_11IFxBotWZI-120	20.47045	614
012_11IFxBotWZI-121	105.63886666666667	3169
012_11IFxBotWZI-122	11.5115	345
012_11IFxBotWZI-123	68.86880000000001	2066
012_11IFxBotWZI-124	77.76101666666666	2333
012_11IFxBotWZI-125	21.6216	649
012_11IFxBotWZI-126	19.552866666666667	587
012_11IFxBotWZI-127	24.6246	739
012_11IFxBotWZI-128	4.838166666666667	145
012_11IFxBotWZI-129	16.249566666666666	487
012_11IFxBotWZI-130	8.692016666666667	261
012_11IFxBotWZI-131	48.33161666666667	1450
012_11IFxBotWZI-132	55.755700000000004	1673
012_11IFxBotWZI-133	13.380033333333333	401
012_11IFxBotWZI-134	7.240566666666667	217
012_11IFxBotWZI-135	46.27956666666667	1388
012_11IFxBotWZI-136	9.6096	288
012_11IFxBotWZI-137	33.717016666666666	1012
012_11IFxBotWZI-138	5.038366666666667	151
012_11IFxBotWZI-139	19.619600000000002	589
012_11IFxBotWZI-140	26.57655	797
012_11IFxBotWZI-141	76.14273333333334	2284
012_11IFxBotWZI-142	111.79501666666667	3354
012_11IFxBotWZI-143	18.835483333333332	565
012_11IFxBotWZI-144	8.308300000000001	249
012_11IFxBotWZI-145	87.03695	2611
012_11IFxBotWZI-146	4.037366666666666	121
012_11IFxBotWZI-147	15.231883333333334	457
012_11IFxBotWZI-148	11.8118	354
012_11IFxBotWZI-149	15.7157	471
012_11IFxBotWZI-150	4.35435	131
012_11IFxBotWZI-151	84.15073333333333	2525
012_11IFxBotWZI-192	6.639966666666667	199
012_11IFxBotWZI-194	18.451766666666668	554
013_qepMvf9IXKM-061	41.041000000000004	1231
013_qepMvf9IXKM-062	59.39266666666667	1782
013_qepMvf9IXKM-063	15.882533333333333	476
013_qepMvf9IXKM-064	15.899216666666668	477
013_qepMvf9IXKM-065	5.638966666666667	169
013_qepMvf9IXKM-066	31.96526666666667	959
013_qepMvf9IXKM-067	45.27856666666667	1358
013_qepMvf9IXKM-068	3.787116666666667	114
013_qepMvf9IXKM-069	4.371033333333333	131
013_qepMvf9IXKM-070	36.1361	1084
013_qepMvf9IXKM-071	17.934583333333332	538
013_qepMvf9IXKM-072	37.971266666666665	1139
013_qepMvf9IXKM-073	76.12605	2284
013_qepMvf9IXKM-074	4.988316666666667	150
013_qepMvf9IXKM-075	6.7067000000000005	201
013_qepMvf9IXKM-076	5.0550500000000005	152
013_qepMvf9IXKM-077	24.024	721
013_qepMvf9IXKM-078	45.11173333333333	1353
013_qepMvf9IXKM-079	8.825483333333333	265
013_qepMvf9IXKM-080	63.17978333333333	1895
013_qepMvf9IXKM-081	22.839483333333334	685
013_qepMvf9IXKM-082	22.789433333333335	684
013_qepMvf9IXKM-083	22.188833333333335	666
013_qepMvf9IXKM-084	16.049366666666668	481
013_qepMvf9IXKM-085	11.86185	356
013_qepMvf9IXKM-086	7.590916666666667	228
013_qepMvf9IXKM-087	40.65728333333333	1220
013_qepMvf9IXKM-088	33.81711666666667	1015
013_qepMvf9IXKM-089	16.96695	509
013_qepMvf9IXKM-090	24.557866666666666	737
013_qepMvf9IXKM-091	5.221883333333333	157
013_qepMvf9IXKM-092	81.14773333333333	2434
013_qepMvf9IXKM-093	12.6126	378
013_qepMvf9IXKM-094	21.8218	655
013_qepMvf9IXKM-095	10.844166666666666	325
013_qepMvf9IXKM-096	75.94253333333333	2278
013_qepMvf9IXKM-097	13.36335	401
013_qepMvf9IXKM-098	68.15141666666666	2045
013_qepMvf9IXKM-099	21.07105	632
013_qepMvf9IXKM-100	28.862166666666667	866
013_qepMvf9IXKM-101	29.863166666666668	896
013_qepMvf9IXKM-102	59.90985	1797
013_qepMvf9IXKM-103	27.027	811
013_qepMvf9IXKM-104	28.945583333333335	868
013_qepMvf9IXKM-105	10.16015	305
013_qepMvf9IXKM-106	20.653966666666665	620
013_qepMvf9IXKM-107	38.58855	1158
013_qepMvf9IXKM-108	87.03695	2611
013_qepMvf9IXKM-109	31.78175	953
013_qepMvf9IXKM-110	55.90585	1677
013_qepMvf9IXKM-111	59.09236666666667	1773
013_qepMvf9IXKM-112	11.66165	350
013_qepMvf9IXKM-113	11.478133333333334	344
013_qepMvf9IXKM-114	58.17478333333334	1745
013_qepMvf9IXKM-115	48.38166666666667	1451
013_qepMvf9IXKM-116	80.49708333333334	2415
013_qepMvf9IXKM-117	65.19846666666666	1956
013_qepMvf9IXKM-118	8.825483333333333	265
013_qepMvf9IXKM-119	13.480133333333333	404
013_qepMvf9IXKM-120	121.85506666666667	3656
013_qepMvf9IXKM-121	21.604916666666668	648
013_qepMvf9IXKM-216	6.773433333333333	203
014_Jk3JgJowDVY-035	5.622283333333334	169
014_Jk3JgJowDVY-036	8.85885	266
014_Jk3JgJowDVY-037	92.12536666666666	2764
014_Jk3JgJowDVY-038	13.980633333333333	419
014_Jk3JgJowDVY-039	10.3103	309
014_Jk3JgJowDVY-040	6.823483333333334	205
014_Jk3JgJowDVY-041	38.02131666666667	1141
014_Jk3JgJowDVY-042	29.8298	895
014_Jk3JgJowDVY-043	24.307616666666668	729
014_Jk3JgJowDVY-044	28.87885	866
014_Jk3JgJowDVY-045	17.934583333333332	538
014_Jk3JgJowDVY-046	7.2072	216
014_Jk3JgJowDVY-047	24.190833333333334	726
014_Jk3JgJowDVY-048	28.344983333333335	850
014_Jk3JgJowDVY-049	44.01063333333333	1320
014_Jk3JgJowDVY-050	5.388716666666666	162
014_Jk3JgJowDVY-051	5.922583333333334	178
014_Jk3JgJowDVY-052	38.05468333333334	1142
014_Jk3JgJowDVY-053	28.328300000000002	850
014_Jk3JgJowDVY-054	20.587233333333334	618
014_Jk3JgJowDVY-055	23.1231	694
014_Jk3JgJowDVY-056	20.754066666666667	623
014_Jk3JgJowDVY-057	16.299616666666665	489
014_Jk3JgJowDVY-058	9.142466666666667	274
014_Jk3JgJowDVY-059	31.2312	937
014_Jk3JgJowDVY-060	6.2729333333333335	188
014_Jk3JgJowDVY-061	46.46308333333334	1394
014_Jk3JgJowDVY-062	22.739383333333333	682
014_Jk3JgJowDVY-063	18.718700000000002	562
014_Jk3JgJowDVY-064	100.63386666666666	3019
014_Jk3JgJowDVY-065	22.022000000000002	661
014_Jk3JgJowDVY-066	6.5565500000000005	197
014_Jk3JgJowDVY-067	9.125783333333333	274
014_Jk3JgJowDVY-068	7.9079	237
014_Jk3JgJowDVY-069	7.9079	237
014_Jk3JgJowDVY-070	9.192516666666666	276
014_Jk3JgJowDVY-071	9.626283333333333	289
014_Jk3JgJowDVY-072	8.191516666666667	246
014_Jk3JgJowDVY-073	65.24851666666667	1957
014_Jk3JgJowDVY-074	24.090733333333333	723
014_Jk3JgJowDVY-075	9.192516666666666	276
014_Jk3JgJowDVY-076	24.457766666666668	734
014_Jk3JgJowDVY-077	18.8188	565
014_Jk3JgJowDVY-078	16.449766666666665	493
014_Jk3JgJowDVY-079	38.038000000000004	1141
014_Jk3JgJowDVY-080	9.793116666666666	294
014_Jk3JgJowDVY-081	5.338666666666667	160
014_Jk3JgJowDVY-082	13.546866666666666	406
014_Jk3JgJowDVY-083	90.14005	2704
014_Jk3JgJowDVY-084	16.916900000000002	508
014_Jk3JgJowDVY-085	3.036366666666667	91
014_Jk3JgJowDVY-086	38.1381	1144
014_Jk3JgJowDVY-087	11.494816666666667	345
014_Jk3JgJowDVY-088	44.1441	1324
014_Jk3JgJowDVY-089	66.08268333333334	1982
014_Jk3JgJowDVY-090	3.1197833333333334	94
014_Jk3JgJowDVY-091	7.95795	239
014_Jk3JgJowDVY-092	33.06636666666667	992
014_Jk3JgJowDVY-093	25.008316666666666	750
014_Jk3JgJowDVY-094	9.142466666666667	274
014_Jk3JgJowDVY-095	18.184833333333334	546
014_Jk3JgJowDVY-096	37.17046666666667	1115
014_Jk3JgJowDVY-097	21.121100000000002	634
014_Jk3JgJowDVY-098	10.877533333333334	326
014_Jk3JgJowDVY-099	22.288933333333333	669
014_Jk3JgJowDVY-100	62.92953333333333	1888
014_Jk3JgJowDVY-101	45.011633333333336	1350
014_Jk3JgJowDVY-102	4.471133333333333	134
014_Jk3JgJowDVY-103	41.77506666666667	1253
014_Jk3JgJowDVY-104	13.697016666666666	411
014_Jk3JgJowDVY-105	5.438766666666667	163
014_Jk3JgJowDVY-106	89.27251666666668	2678
014_Jk3JgJowDVY-107	21.17115	635
014_Jk3JgJowDVY-108	9.642966666666666	289
014_Jk3JgJowDVY-109	87.32056666666666	2620
014_Jk3JgJowDVY-110	217.8176	6535
014_Jk3JgJowDVY-111	25.325300000000002	760
014_Jk3JgJowDVY-112	72.12205	2164
014_Jk3JgJowDVY-114	112.82938333333334	3385
014_Jk3JgJowDVY-121	5.689016666666666	171
015_cSc0HDLIkv8-046	10.226883333333333	307
015_cSc0HDLIkv8-047	32.19883333333333	966
015_cSc0HDLIkv8-048	19.102416666666667	573
015_cSc0HDLIkv8-049	22.622600000000002	679
015_cSc0HDLIkv8-050	9.55955	287
015_cSc0HDLIkv8-051	33.81711666666667	1015
015_cSc0HDLIkv8-052	17.76775	533
015_cSc0HDLIkv8-053	41.89185	1257
015_cSc0HDLIkv8-054	16.4164	492
015_cSc0HDLIkv8-055	28.328300000000002	850
015_cSc0HDLIkv8-056	26.760066666666667	803
015_cSc0HDLIkv8-057	31.031	931
015_cSc0HDLIkv8-058	13.6136	408
015_cSc0HDLIkv8-059	14.397716666666668	432
015_cSc0HDLIkv8-060	19.2192	577
015_cSc0HDLIkv8-061	39.55618333333334	1187
015_cSc0HDLIkv8-062	23.206516666666666	696
015_cSc0HDLIkv8-063	16.166150000000002	485
015_cSc0HDLIkv8-064	113.63018333333333	3409
015_cSc0HDLIkv8-065	121.7216	3652
015_cSc0HDLIkv8-066	25.57555	767
015_cSc0HDLIkv8-067	7.7077	231
015_cSc0HDLIkv8-068	47.464083333333335	1424
015_cSc0HDLIkv8-069	32.24888333333333	967
015_cSc0HDLIkv8-070	5.288616666666667	159
015_cSc0HDLIkv8-071	23.106416666666668	693
015_cSc0HDLIkv8-072	5.772433333333334	173
015_cSc0HDLIkv8-073	11.845166666666668	355
015_cSc0HDLIkv8-074	7.524183333333333	226
015_cSc0HDLIkv8-075	12.078733333333334	362
015_cSc0HDLIkv8-076	5.772433333333334	173
015_cSc0HDLIkv8-077	13.013	390
015_cSc0HDLIkv8-078	5.772433333333334	173
015_cSc0HDLIkv8-079	58.59186666666667	1758
015_cSc0HDLIkv8-080	4.187516666666666	126
015_cSc0HDLIkv8-081	31.765066666666666	953
015_cSc0HDLIkv8-082	19.152466666666665	575
015_cSc0HDLIkv8-083	22.87285	686
015_cSc0HDLIkv8-084	6.923583333333333	208
015_cSc0HDLIkv8-085	57.17378333333333	1715
015_cSc0HDLIkv8-086	15.832483333333334	475
015_cSc0HDLIkv8-087	33.51681666666667	1006
015_cSc0HDLIkv8-088	49.432716666666664	1483
015_cSc0HDLIkv8-089	9.242566666666667	277
015_cSc0HDLIkv8-090	5.9559500000000005	179
015_cSc0HDLIkv8-091	15.432083333333333	463
015_cSc0HDLIkv8-092	24.024	721
015_cSc0HDLIkv8-093	66.1661	1985
015_cSc0HDLIkv8-094	117.40061666666666	3522
015_cSc0HDLIkv8-095	9.292616666666667	279
015_cSc0HDLIkv8-096	24.8248	745
015_cSc0HDLIkv8-097	12.3123	369
015_cSc0HDLIkv8-098	33.86716666666667	1016
015_cSc0HDLIkv8-099	17.76775	533
015_cSc0HDLIkv8-100	9.042366666666666	271
015_cSc0HDLIkv8-101	19.436083333333332	583
015_cSc0HDLIkv8-102	6.389716666666667	192
015_cSc0HDLIkv8-103	8.992316666666667	270
015_cSc0HDLIkv8-104	29.963266666666666	899
015_cSc0HDLIkv8-105	13.646966666666668	409
015_cSc0HDLIkv8-106	26.092733333333335	783
015_cSc0HDLIkv8-107	36.26956666666667	1088
015_cSc0HDLIkv8-108	10.043366666666667	301
015_cSc0HDLIkv8-109	79.96321666666667	2399
015_cSc0HDLIkv8-110	4.788116666666666	144
015_cSc0HDLIkv8-111	13.6136	408
015_cSc0HDLIkv8-112	8.608600000000001	258
015_cSc0HDLIkv8-114	13.16315	395
015_cSc0HDLIkv8-115	28.945583333333335	868
015_cSc0HDLIkv8-116	168.6685	5060
015_cSc0HDLIkv8-117	130.89743333333334	3927
015_cSc0HDLIkv8-118	18.46845	554
015_cSc0HDLIkv8-119	36.236200000000004	1087
015_cSc0HDLIkv8-120	98.61518333333333	2958
015_cSc0HDLIkv8-121	106.18941666666667	3186
015_cSc0HDLIkv8-131	20.6206	619
015_cSc0HDLIkv8-148	4.6046000000000005	138
016_JsiWaBgZuEw-049	6.4230833333333335	193
016_JsiWaBgZuEw-050	18.6186	559
016_JsiWaBgZuEw-051	21.087733333333333	633
016_JsiWaBgZuEw-052	17.76775	533
016_JsiWaBgZuEw-053	27.310616666666668	819
016_JsiWaBgZuEw-054	9.042366666666666	271
016_JsiWaBgZuEw-055	8.324983333333334	250
016_JsiWaBgZuEw-056	114.16405	3425
016_JsiWaBgZuEw-057	29.396033333333335	882
016_JsiWaBgZuEw-058	28.712016666666667	861
016_JsiWaBgZuEw-059	71.02095	2131
016_JsiWaBgZuEw-060	27.944583333333334	838
016_JsiWaBgZuEw-061	3.6202833333333335	109
016_JsiWaBgZuEw-062	20.804116666666665	624
016_JsiWaBgZuEw-063	9.209200000000001	276
016_JsiWaBgZuEw-064	42.7427	1282
016_JsiWaBgZuEw-065	61.77838333333334	1853
016_JsiWaBgZuEw-066	47.48076666666667	1424
016_JsiWaBgZuEw-067	11.478133333333334	344
016_JsiWaBgZuEw-068	26.242883333333335	787
016_JsiWaBgZuEw-069	66.18278333333333	1985
016_JsiWaBgZuEw-070	14.230883333333333	427
016_JsiWaBgZuEw-071	30.98095	929
016_JsiWaBgZuEw-072	6.373033333333334	191
016_JsiWaBgZuEw-073	20.036683333333333	601
016_JsiWaBgZuEw-074	11.5115	345
016_JsiWaBgZuEw-075	12.962950000000001	389
016_JsiWaBgZuEw-076	6.923583333333333	208
016_JsiWaBgZuEw-077	96.14605	2884
016_JsiWaBgZuEw-078	4.971633333333333	149
016_JsiWaBgZuEw-079	76.35961666666667	2291
016_JsiWaBgZuEw-080	13.029683333333333	391
016_JsiWaBgZuEw-081	12.779433333333333	383
016_JsiWaBgZuEw-082	35.335300000000004	1060
016_JsiWaBgZuEw-083	48.064683333333335	1442
016_JsiWaBgZuEw-084	16.149466666666665	484
016_JsiWaBgZuEw-085	3.8705333333333334	116
016_JsiWaBgZuEw-086	14.330983333333334	430
016_JsiWaBgZuEw-087	23.039683333333333	691
016_JsiWaBgZuEw-088	48.46508333333333	1454
016_JsiWaBgZuEw-089	6.039366666666667	181
016_JsiWaBgZuEw-090	35.151783333333334	1055
016_JsiWaBgZuEw-091	5.005	150
016_JsiWaBgZuEw-092	19.986633333333334	600
016_JsiWaBgZuEw-093	6.45645	194
016_JsiWaBgZuEw-094	31.2312	937
016_JsiWaBgZuEw-095	129.14568333333332	3874
016_JsiWaBgZuEw-096	6.5065	195
016_JsiWaBgZuEw-097	58.875483333333335	1766
016_JsiWaBgZuEw-098	97.66423333333333	2930
016_JsiWaBgZuEw-099	94.82806666666667	2845
016_JsiWaBgZuEw-100	4.621283333333333	139
016_JsiWaBgZuEw-101	43.376666666666665	1301
016_JsiWaBgZuEw-102	17.4174	523
016_JsiWaBgZuEw-103	21.738383333333335	652
016_JsiWaBgZuEw-104	57.47408333333333	1724
016_JsiWaBgZuEw-105	48.548500000000004	1456
016_JsiWaBgZuEw-106	38.8388	1165
016_JsiWaBgZuEw-107	74.65791666666667	2240
016_JsiWaBgZuEw-108	10.543866666666666	316
016_JsiWaBgZuEw-109	11.161150000000001	335
016_JsiWaBgZuEw-110	20.220200000000002	607
016_JsiWaBgZuEw-111	76.32625	2290
016_JsiWaBgZuEw-112	19.4194	583
016_JsiWaBgZuEw-113	68.70196666666666	2061
016_JsiWaBgZuEw-114	97.06363333333333	2912
016_JsiWaBgZuEw-115	4.2042	126
016_JsiWaBgZuEw-116	11.094416666666667	333
016_JsiWaBgZuEw-117	84.06731666666667	2522
016_JsiWaBgZuEw-118	29.012316666666667	870
016_JsiWaBgZuEw-119	26.042683333333333	781
016_JsiWaBgZuEw-120	181.39788333333334	5442
016_JsiWaBgZuEw-134	11.745066666666666	352
016_JsiWaBgZuEw-136	5.3053	159
016_JsiWaBgZuEw-164	8.491816666666667	255
016_JsiWaBgZuEw-165	5.25525	158
016_JsiWaBgZuEw-166	10.76075	323
017_ZRRK--G-Xs0-038	52.986266666666666	1590
017_ZRRK--G-Xs0-039	36.45308333333333	1094
017_ZRRK--G-Xs0-040	55.6556	1670
017_ZRRK--G-Xs0-041	14.848166666666668	445
017_ZRRK--G-Xs0-042	19.06905	572
017_ZRRK--G-Xs0-043	27.410716666666666	822
017_ZRRK--G-Xs0-044	16.249566666666666	487
017_ZRRK--G-Xs0-045	15.4154	462
017_ZRRK--G-Xs0-046	13.129783333333334	394
017_ZRRK--G-Xs0-047	27.494133333333334	825
017_ZRRK--G-Xs0-048	15.932583333333334	478
017_ZRRK--G-Xs0-049	39.9399	1198
017_ZRRK--G-Xs0-050	3.486816666666667	105
017_ZRRK--G-Xs0-051	12.679333333333334	380
017_ZRRK--G-Xs0-052	35.20183333333333	1056
017_ZRRK--G-Xs0-053	35.65228333333334	1070
017_ZRRK--G-Xs0-054	22.389033333333334	672
017_ZRRK--G-Xs0-055	31.347983333333335	940
017_ZRRK--G-Xs0-056	12.645966666666666	379
017_ZRRK--G-Xs0-057	6.639966666666667	199
017_ZRRK--G-Xs0-058	72.00526666666667	2160
017_ZRRK--G-Xs0-059	23.456766666666667	704
017_ZRRK--G-Xs0-060	15.398716666666667	462
017_ZRRK--G-Xs0-061	8.65865	260
017_ZRRK--G-Xs0-062	26.943583333333333	808
017_ZRRK--G-Xs0-063	14.097416666666668	423
017_ZRRK--G-Xs0-064	33.19983333333333	996
017_ZRRK--G-Xs0-065	44.56118333333333	1337
017_ZRRK--G-Xs0-066	26.142783333333334	784
017_ZRRK--G-Xs0-067	5.722383333333333	172
017_ZRRK--G-Xs0-068	31.4314	943
017_ZRRK--G-Xs0-069	26.893533333333334	807
017_ZRRK--G-Xs0-070	66.13273333333333	1984
017_ZRRK--G-Xs0-071	38.221516666666666	1147
017_ZRRK--G-Xs0-079	14.280933333333333	428
017_ZRRK--G-Xs0-080	24.97495	749
017_ZRRK--G-Xs0-081	18.601916666666668	558
017_ZRRK--G-Xs0-084	4.537866666666667	136
017_ZRRK--G-Xs0-085	17.6176	529
017_ZRRK--G-Xs0-087	11.027683333333334	331
017_ZRRK--G-Xs0-089	41.925216666666664	1258
017_ZRRK--G-Xs0-090	5.538866666666666	166
017_ZRRK--G-Xs0-091	7.073733333333333	212
017_ZRRK--G-Xs0-092	43.259883333333335	1298
017_ZRRK--G-Xs0-093	9.325983333333333	280
017_ZRRK--G-Xs0-094	4.4544500000000005	134
017_ZRRK--G-Xs0-095	8.908900000000001	267
017_ZRRK--G-Xs0-096	29.079050000000002	872
017_ZRRK--G-Xs0-097	32.08205	962
017_ZRRK--G-Xs0-098	4.170833333333333	125
017_ZRRK--G-Xs0-099	17.667650000000002	530
017_ZRRK--G-Xs0-100	9.275933333333333	278
017_ZRRK--G-Xs0-101	11.5115	345
017_ZRRK--G-Xs0-102	34.6346	1039
017_ZRRK--G-Xs0-103	18.06805	542
017_ZRRK--G-Xs0-104	11.027683333333334	331
017_ZRRK--G-Xs0-105	13.730383333333334	412
017_ZRRK--G-Xs0-106	12.56255	377
017_ZRRK--G-Xs0-107	12.445766666666668	373
017_ZRRK--G-Xs0-108	13.179833333333333	395
017_ZRRK--G-Xs0-111	32.61591666666667	978
017_ZRRK--G-Xs0-112	31.898533333333333	957
017_ZRRK--G-Xs0-113	19.836483333333334	595
017_ZRRK--G-Xs0-114	6.039366666666667	181
017_ZRRK--G-Xs0-115	27.811116666666667	834
017_ZRRK--G-Xs0-116	11.344666666666667	340
017_ZRRK--G-Xs0-117	10.026683333333333	301
017_ZRRK--G-Xs0-118	55.872483333333335	1676
017_ZRRK--G-Xs0-119	13.129783333333334	394
017_ZRRK--G-Xs0-120	11.311300000000001	339
017_ZRRK--G-Xs0-121	17.350666666666665	521
017_ZRRK--G-Xs0-122	46.89685	1407
017_ZRRK--G-Xs0-123	60.87748333333334	1826
017_ZRRK--G-Xs0-124	40.77406666666667	1223
017_ZRRK--G-Xs0-125	61.41135	1842
017_ZRRK--G-Xs0-126	8.5085	255
017_ZRRK--G-Xs0-127	10.126783333333334	304
017_ZRRK--G-Xs0-128	42.042	1261
017_ZRRK--G-Xs0-129	22.789433333333335	684
017_ZRRK--G-Xs0-130	98.66523333333333	2960
017_ZRRK--G-Xs0-131	44.06068333333334	1322
017_ZRRK--G-Xs0-132	8.441766666666666	253
017_ZRRK--G-Xs0-133	37.971266666666665	1139
017_ZRRK--G-Xs0-134	28.778750000000002	863
017_ZRRK--G-Xs0-135	9.125783333333333	274
017_ZRRK--G-Xs0-136	31.698333333333334	951
017_ZRRK--G-Xs0-137	86.33625	2590
017_ZRRK--G-Xs0-138	53.40335	1602
017_ZRRK--G-Xs0-139	12.145466666666668	364
017_ZRRK--G-Xs0-140	58.12473333333333	1744
017_ZRRK--G-Xs0-141	59.80975	1794
017_ZRRK--G-Xs0-142	5.85585	176
017_ZRRK--G-Xs0-143	47.96458333333334	1439
017_ZRRK--G-Xs0-144	11.878533333333333	356
017_ZRRK--G-Xs0-145	14.631283333333334	439
017_ZRRK--G-Xs0-146	93.34325	2800
017_ZRRK--G-Xs0-147	77.06031666666667	2312
017_ZRRK--G-Xs0-148	46.9469	1408
017_ZRRK--G-Xs0-149	14.197516666666667	426
017_ZRRK--G-Xs0-150	25.775750000000002	773
017_ZRRK--G-Xs0-151	97.91448333333334	2937
017_ZRRK--G-Xs0-152	93.2932	2799
017_ZRRK--G-Xs0-154	4.888216666666667	147
017_ZRRK--G-Xs0-168	52.11873333333333	1564
018_hjUxJBbvgY8-006	9.426083333333333	283
018_hjUxJBbvgY8-010	5.638966666666667	169
018_hjUxJBbvgY8-030	45.41203333333333	1362
018_hjUxJBbvgY8-035	32.032000000000004	961
018_hjUxJBbvgY8-097	13.646966666666668	409
018_hjUxJBbvgY8-098	180.16331666666667	5405
018_hjUxJBbvgY8-099	41.17446666666667	1235
018_hjUxJBbvgY8-100	38.92221666666667	1168
018_hjUxJBbvgY8-101	67.4674	2024
018_hjUxJBbvgY8-102	3.1698333333333335	95
018_hjUxJBbvgY8-103	16.182833333333335	485
018_hjUxJBbvgY8-104	5.6056	168
018_hjUxJBbvgY8-105	3.336666666666667	100
018_hjUxJBbvgY8-106	57.724333333333334	1732
018_hjUxJBbvgY8-107	92.57581666666667	2777
018_hjUxJBbvgY8-108	35.28525	1059
018_hjUxJBbvgY8-109	24.207516666666667	726
018_hjUxJBbvgY8-110	20.27025	608
018_hjUxJBbvgY8-111	36.38635	1092
018_hjUxJBbvgY8-112	7.674333333333333	230
018_hjUxJBbvgY8-113	34.70133333333333	1041
018_hjUxJBbvgY8-114	98.44835	2953
018_hjUxJBbvgY8-115	48.531816666666664	1456
018_hjUxJBbvgY8-116	9.392716666666667	282
018_hjUxJBbvgY8-117	16.916900000000002	508
018_hjUxJBbvgY8-118	47.764383333333335	1433
018_hjUxJBbvgY8-119	11.594916666666666	348
018_hjUxJBbvgY8-120	3.45345	104
018_hjUxJBbvgY8-121	27.560866666666666	827
018_hjUxJBbvgY8-122	70.18678333333334	2106
018_hjUxJBbvgY8-123	5.005	150
018_hjUxJBbvgY8-124	11.161150000000001	335
018_hjUxJBbvgY8-125	46.09605	1383
018_hjUxJBbvgY8-126	12.629283333333333	379
018_hjUxJBbvgY8-127	24.641283333333334	739
018_hjUxJBbvgY8-128	11.728383333333333	352
018_hjUxJBbvgY8-129	31.047683333333335	931
018_hjUxJBbvgY8-130	15.648966666666666	469
018_hjUxJBbvgY8-131	41.99195	1260
018_hjUxJBbvgY8-132	45.245200000000004	1357
018_hjUxJBbvgY8-133	15.532183333333334	466
018_hjUxJBbvgY8-134	126.64318333333334	3799
018_hjUxJBbvgY8-135	89.10568333333333	2673
018_hjUxJBbvgY8-136	21.488133333333334	645
018_hjUxJBbvgY8-137	15.532183333333334	466
018_hjUxJBbvgY8-138	30.714016666666666	921
018_hjUxJBbvgY8-139	19.319300000000002	580
018_hjUxJBbvgY8-140	12.362350000000001	371
018_hjUxJBbvgY8-141	74.94153333333334	2248
018_hjUxJBbvgY8-142	29.245883333333335	877
018_hjUxJBbvgY8-143	107.52408333333334	3226
018_hjUxJBbvgY8-144	21.805116666666667	654
018_hjUxJBbvgY8-179	39.08905	1173
019_5w7SNUfDSNk-043	44.56118333333333	1337
019_5w7SNUfDSNk-044	81.43135	2443
019_5w7SNUfDSNk-045	19.736383333333333	592
019_5w7SNUfDSNk-046	16.483133333333335	494
019_5w7SNUfDSNk-047	11.8118	354
019_5w7SNUfDSNk-048	30.7307	922
019_5w7SNUfDSNk-049	12.445766666666668	373
019_5w7SNUfDSNk-050	15.131783333333333	454
019_5w7SNUfDSNk-051	88.3883	2652
019_5w7SNUfDSNk-052	4.838166666666667	145
019_5w7SNUfDSNk-053	5.8058000000000005	174
019_5w7SNUfDSNk-054	7.590916666666667	228
019_5w7SNUfDSNk-055	8.55855	257
019_5w7SNUfDSNk-056	15.048366666666666	451
019_5w7SNUfDSNk-057	20.820800000000002	625
019_5w7SNUfDSNk-058	39.4394	1183
019_5w7SNUfDSNk-059	8.692016666666667	261
019_5w7SNUfDSNk-060	42.609233333333336	1278
019_5w7SNUfDSNk-061	73.18978333333334	2196
019_5w7SNUfDSNk-062	28.194833333333335	846
019_5w7SNUfDSNk-063	20.9209	628
019_5w7SNUfDSNk-064	25.291933333333333	759
019_5w7SNUfDSNk-066	18.301616666666668	549
019_5w7SNUfDSNk-067	33.14978333333333	994
019_5w7SNUfDSNk-069	5.622283333333334	169
019_5w7SNUfDSNk-070	7.674333333333333	230
019_5w7SNUfDSNk-072	3.0530500000000003	92
019_5w7SNUfDSNk-073	3.85385	116
019_5w7SNUfDSNk-074	3.6036	108
019_5w7SNUfDSNk-075	3.003	90
019_5w7SNUfDSNk-076	42.19215	1266
019_5w7SNUfDSNk-077	51.835116666666664	1555
019_5w7SNUfDSNk-078	25.258566666666667	758
019_5w7SNUfDSNk-079	5.3053	159
019_5w7SNUfDSNk-080	13.013	390
019_5w7SNUfDSNk-081	87.55413333333334	2627
019_5w7SNUfDSNk-082	11.194516666666667	336
019_5w7SNUfDSNk-083	8.05805	242
019_5w7SNUfDSNk-084	73.60686666666666	2208
019_5w7SNUfDSNk-085	12.812800000000001	384
019_5w7SNUfDSNk-086	32.54918333333333	976
019_5w7SNUfDSNk-087	20.537183333333335	616
019_5w7SNUfDSNk-088	44.644600000000004	1339
019_5w7SNUfDSNk-089	154.4543	4634
019_5w7SNUfDSNk-090	7.974633333333333	239
019_5w7SNUfDSNk-091	7.073733333333333	212
019_5w7SNUfDSNk-092	4.621283333333333	139
019_5w7SNUfDSNk-093	12.328983333333333	370
019_5w7SNUfDSNk-094	53.470083333333335	1604
019_5w7SNUfDSNk-095	13.863850000000001	416
019_5w7SNUfDSNk-096	47.647600000000004	1429
019_5w7SNUfDSNk-097	45.178466666666665	1355
019_5w7SNUfDSNk-098	18.585233333333335	558
019_5w7SNUfDSNk-099	25.959266666666668	779
019_5w7SNUfDSNk-100	106.3062	3189
019_5w7SNUfDSNk-101	46.47976666666667	1394
019_5w7SNUfDSNk-102	13.9139	417
019_5w7SNUfDSNk-103	31.21451666666667	936
019_5w7SNUfDSNk-104	31.28125	938
019_5w7SNUfDSNk-105	6.923583333333333	208
019_5w7SNUfDSNk-106	96.44635	2893
019_5w7SNUfDSNk-107	9.392716666666667	282
019_5w7SNUfDSNk-108	84.41766666666666	2533
019_5w7SNUfDSNk-109	78.91216666666666	2367
019_5w7SNUfDSNk-110	22.005316666666666	660
019_5w7SNUfDSNk-111	60.7607	1823
019_5w7SNUfDSNk-112	116.54976666666667	3496
019_5w7SNUfDSNk-113	22.188833333333335	666
019_5w7SNUfDSNk-115	47.91453333333333	1437
019_5w7SNUfDSNk-116	97.5975	2928
019_5w7SNUfDSNk-117	19.8198	595
019_5w7SNUfDSNk-118	3.2866166666666667	99
019_5w7SNUfDSNk-192	13.3133	399
019_5w7SNUfDSNk-196	8.4084	252
019_5w7SNUfDSNk-198	5.922583333333334	178
019_5w7SNUfDSNk-201	3.219883333333333	97
019_5w7SNUfDSNk-202	7.25725	218
019_5w7SNUfDSNk-203	12.7127	381
019_5w7SNUfDSNk-206	5.438766666666667	163
019_5w7SNUfDSNk-217	8.458450000000001	254
020_2O2r3HFfEyI-018	32.71601666666667	981
020_2O2r3HFfEyI-019	16.282933333333332	488
020_2O2r3HFfEyI-020	42.008633333333336	1260
020_2O2r3HFfEyI-021	7.390716666666667	222
020_2O2r3HFfEyI-022	35.50213333333333	1065
020_2O2r3HFfEyI-023	17.333983333333332	520
020_2O2r3HFfEyI-024	21.905216666666668	657
020_2O2r3HFfEyI-025	25.8258	775
020_2O2r3HFfEyI-026	25.241883333333334	757
020_2O2r3HFfEyI-027	74.7747	2243
020_2O2r3HFfEyI-028	62.54581666666667	1876
020_2O2r3HFfEyI-029	6.840166666666667	205
020_2O2r3HFfEyI-030	14.731383333333333	442
020_2O2r3HFfEyI-031	5.8058000000000005	174
020_2O2r3HFfEyI-032	11.56155	347
020_2O2r3HFfEyI-033	64.5645	1937
020_2O2r3HFfEyI-034	20.437083333333334	613
020_2O2r3HFfEyI-035	15.198516666666666	456
020_2O2r3HFfEyI-036	19.936583333333335	598
020_2O2r3HFfEyI-037	26.57655	797
020_2O2r3HFfEyI-038	16.2162	486
020_2O2r3HFfEyI-039	53.13641666666667	1594
020_2O2r3HFfEyI-040	22.07205	662
020_2O2r3HFfEyI-041	46.78006666666667	1403
020_2O2r3HFfEyI-042	12.779433333333333	383
020_2O2r3HFfEyI-043	28.945583333333335	868
020_2O2r3HFfEyI-044	9.376033333333334	281
020_2O2r3HFfEyI-045	6.05605	182
020_2O2r3HFfEyI-046	48.048	1441
020_2O2r3HFfEyI-047	13.96395	419
020_2O2r3HFfEyI-048	8.124783333333333	244
020_2O2r3HFfEyI-049	7.123783333333334	214
020_2O2r3HFfEyI-050	34.5345	1036
020_2O2r3HFfEyI-051	3.3533500000000003	101
020_2O2r3HFfEyI-052	32.699333333333335	981
020_2O2r3HFfEyI-053	50.08336666666667	1503
020_2O2r3HFfEyI-054	20.787433333333333	624
020_2O2r3HFfEyI-055	49.049	1471
020_2O2r3HFfEyI-056	32.816116666666666	984
020_2O2r3HFfEyI-057	4.25425	128
020_2O2r3HFfEyI-058	44.17746666666667	1325
020_2O2r3HFfEyI-059	89.35593333333334	2681
020_2O2r3HFfEyI-060	7.090416666666667	213
020_2O2r3HFfEyI-061	23.073050000000002	692
020_2O2r3HFfEyI-062	120.98753333333333	3630
020_2O2r3HFfEyI-063	6.8735333333333335	206
020_2O2r3HFfEyI-064	30.03	901
020_2O2r3HFfEyI-077	42.69265	1281
020_2O2r3HFfEyI-122	8.041366666666667	241
020_2O2r3HFfEyI-124	5.388716666666666	162
020_2O2r3HFfEyI-125	9.492816666666666	285
020_2O2r3HFfEyI-126	6.8068	204
021_UNbiXDXmlaQ-017	56.039316666666664	1681
021_UNbiXDXmlaQ-054	106.07263333333333	3182
021_UNbiXDXmlaQ-055	10.276933333333334	308
021_UNbiXDXmlaQ-056	11.594916666666666	348
021_UNbiXDXmlaQ-058	17.817800000000002	535
021_UNbiXDXmlaQ-059	15.081733333333334	452
021_UNbiXDXmlaQ-060	19.753066666666665	593
021_UNbiXDXmlaQ-061	20.603916666666667	618
021_UNbiXDXmlaQ-062	14.330983333333334	430
021_UNbiXDXmlaQ-063	8.7087	261
021_UNbiXDXmlaQ-064	8.942266666666667	268
021_UNbiXDXmlaQ-065	67.03363333333334	2011
021_UNbiXDXmlaQ-066	33.299933333333335	999
021_UNbiXDXmlaQ-067	6.6066	198
021_UNbiXDXmlaQ-068	35.7357	1072
021_UNbiXDXmlaQ-069	6.439766666666666	193
021_UNbiXDXmlaQ-070	10.093416666666666	303
021_UNbiXDXmlaQ-071	21.705016666666666	651
021_UNbiXDXmlaQ-072	88.27151666666667	2648
021_UNbiXDXmlaQ-073	32.88285	986
021_UNbiXDXmlaQ-074	9.25925	278
021_UNbiXDXmlaQ-075	6.373033333333334	191
021_UNbiXDXmlaQ-076	21.454766666666668	644
021_UNbiXDXmlaQ-077	7.0236833333333335	211
021_UNbiXDXmlaQ-078	5.5055000000000005	165
021_UNbiXDXmlaQ-079	50.033316666666664	1501
021_UNbiXDXmlaQ-080	7.123783333333334	214
021_UNbiXDXmlaQ-081	15.732383333333333	472
021_UNbiXDXmlaQ-082	31.7317	952
021_UNbiXDXmlaQ-083	11.06105	332
021_UNbiXDXmlaQ-084	39.239200000000004	1177
021_UNbiXDXmlaQ-085	13.3133	399
021_UNbiXDXmlaQ-086	4.25425	128
021_UNbiXDXmlaQ-087	18.9189	568
021_UNbiXDXmlaQ-088	72.10536666666667	2163
021_UNbiXDXmlaQ-089	11.311300000000001	339
021_UNbiXDXmlaQ-090	3.8705333333333334	116
021_UNbiXDXmlaQ-091	28.144783333333333	844
021_UNbiXDXmlaQ-092	10.076733333333333	302
021_UNbiXDXmlaQ-093	74.64123333333333	2239
021_UNbiXDXmlaQ-094	12.445766666666668	373
021_UNbiXDXmlaQ-095	17.801116666666665	534
021_UNbiXDXmlaQ-096	25.158466666666666	755
021_UNbiXDXmlaQ-097	3.6536500000000003	110
021_UNbiXDXmlaQ-098	40.49045	1215
021_UNbiXDXmlaQ-099	34.48445	1035
021_UNbiXDXmlaQ-100	26.47645	794
021_UNbiXDXmlaQ-101	63.730333333333334	1912
021_UNbiXDXmlaQ-102	21.905216666666668	657
021_UNbiXDXmlaQ-103	25.025000000000002	751
021_UNbiXDXmlaQ-104	33.50013333333333	1005
021_UNbiXDXmlaQ-105	4.3043000000000005	129
021_UNbiXDXmlaQ-106	35.58555	1068
021_UNbiXDXmlaQ-107	3.25325	98
021_UNbiXDXmlaQ-108	5.021683333333334	151
021_UNbiXDXmlaQ-109	107.107	3213
021_UNbiXDXmlaQ-110	23.9239	718
021_UNbiXDXmlaQ-111	16.299616666666665	489
021_UNbiXDXmlaQ-112	7.841166666666667	235
021_UNbiXDXmlaQ-114	14.097416666666668	423
021_UNbiXDXmlaQ-115	86.60318333333333	2598
021_UNbiXDXmlaQ-116	155.0549	4652
021_UNbiXDXmlaQ-117	22.57255	677
021_UNbiXDXmlaQ-118	25.091733333333334	753
021_UNbiXDXmlaQ-119	38.80543333333333	1164
021_UNbiXDXmlaQ-120	77.86111666666667	2336
021_UNbiXDXmlaQ-162	5.4054	162
021_UNbiXDXmlaQ-165	4.037366666666666	121
021_UNbiXDXmlaQ-166	5.689016666666666	171
021_UNbiXDXmlaQ-167	6.2062	186
022_g3XI93jOEW0-001	10.560550000000001	317
022_g3XI93jOEW0-002	7.5075	225
022_g3XI93jOEW0-003	8.842166666666667	265
022_g3XI93jOEW0-005	7.073733333333333	212
022_g3XI93jOEW0-012	54.370983333333335	1631
022_g3XI93jOEW0-043	79.62955	2389
022_g3XI93jOEW0-044	40.19015	1206
022_g3XI93jOEW0-045	53.7537	1613
022_g3XI93jOEW0-046	7.7744333333333335	233
022_g3XI93jOEW0-047	51.7517	1553
022_g3XI93jOEW0-048	19.386033333333334	582
022_g3XI93jOEW0-049	69.71965	2092
022_g3XI93jOEW0-050	20.503816666666665	615
022_g3XI93jOEW0-051	7.273933333333334	218
022_g3XI93jOEW0-052	107.35725000000001	3221
022_g3XI93jOEW0-053	4.738066666666667	142
022_g3XI93jOEW0-054	4.471133333333333	134
022_g3XI93jOEW0-055	18.151466666666668	545
022_g3XI93jOEW0-056	18.284933333333335	549
022_g3XI93jOEW0-057	46.36298333333333	1391
022_g3XI93jOEW0-058	15.181833333333334	455
022_g3XI93jOEW0-059	17.283933333333334	519
022_g3XI93jOEW0-060	58.691966666666666	1761
022_g3XI93jOEW0-061	15.86585	476
022_g3XI93jOEW0-062	36.70333333333333	1101
022_g3XI93jOEW0-063	21.755066666666668	653
022_g3XI93jOEW0-064	3.636966666666667	109
022_g3XI93jOEW0-065	35.752383333333334	1073
022_g3XI93jOEW0-066	14.314300000000001	429
022_g3XI93jOEW0-067	42.842800000000004	1285
022_g3XI93jOEW0-068	17.067050000000002	512
022_g3XI93jOEW0-069	17.934583333333332	538
022_g3XI93jOEW0-070	91.75833333333334	2753
022_g3XI93jOEW0-071	12.7127	381
022_g3XI93jOEW0-072	78.76201666666667	2363
022_g3XI93jOEW0-073	26.910216666666667	807
022_g3XI93jOEW0-074	124.69123333333333	3741
022_g3XI93jOEW0-075	21.121100000000002	634
022_g3XI93jOEW0-076	34.8348	1045
022_g3XI93jOEW0-077	88.90548333333334	2667
022_g3XI93jOEW0-078	60.74401666666667	1822
022_g3XI93jOEW0-079	24.441083333333335	733
022_g3XI93jOEW0-080	25.475450000000002	764
022_g3XI93jOEW0-081	4.55455	137
022_g3XI93jOEW0-082	82.81606666666667	2484
022_g3XI93jOEW0-083	8.725383333333333	262
022_g3XI93jOEW0-084	18.418400000000002	553
022_g3XI93jOEW0-085	68.11805	2044
022_g3XI93jOEW0-086	25.909216666666666	777
022_g3XI93jOEW0-087	22.839483333333334	685
022_g3XI93jOEW0-089	31.197833333333335	936
022_g3XI93jOEW0-090	6.35635	191
022_g3XI93jOEW0-091	96.61318333333334	2898
022_g3XI93jOEW0-099	9.15915	275
022_g3XI93jOEW0-101	9.192516666666666	276
022_g3XI93jOEW0-103	4.437766666666667	133
023_shlzzInZpw0-014	75.89248333333333	2277
023_shlzzInZpw0-015	28.962266666666668	869
023_shlzzInZpw0-016	19.035683333333335	571
023_shlzzInZpw0-017	132.38225	3971
023_shlzzInZpw0-018	29.97995	899
023_shlzzInZpw0-019	23.6236	709
023_shlzzInZpw0-020	30.864166666666666	926
023_shlzzInZpw0-021	34.501133333333335	1035
023_shlzzInZpw0-022	6.4230833333333335	193
023_shlzzInZpw0-023	9.225883333333334	277
023_shlzzInZpw0-024	19.96995	599
023_shlzzInZpw0-025	20.653966666666665	620
023_shlzzInZpw0-026	8.291616666666666	249
023_shlzzInZpw0-027	28.762066666666666	863
023_shlzzInZpw0-028	22.639283333333335	679
023_shlzzInZpw0-029	8.641966666666667	259
023_shlzzInZpw0-030	7.123783333333334	214
023_shlzzInZpw0-031	8.491816666666667	255
023_shlzzInZpw0-032	48.364983333333335	1451
023_shlzzInZpw0-033	11.911900000000001	357
023_shlzzInZpw0-034	4.938266666666666	148
023_shlzzInZpw0-035	14.898216666666666	447
023_shlzzInZpw0-036	17.26725	518
023_shlzzInZpw0-037	16.299616666666665	489
023_shlzzInZpw0-038	15.36535	461
023_shlzzInZpw0-039	11.8118	354
023_shlzzInZpw0-040	38.47176666666667	1154
023_shlzzInZpw0-041	14.1141	423
023_shlzzInZpw0-042	19.769750000000002	593
023_shlzzInZpw0-043	16.616600000000002	498
023_shlzzInZpw0-044	9.009	270
023_shlzzInZpw0-045	3.8705333333333334	116
023_shlzzInZpw0-046	24.007316666666668	720
023_shlzzInZpw0-047	9.576233333333333	287
023_shlzzInZpw0-048	23.089733333333335	693
023_shlzzInZpw0-049	40.05668333333333	1202
023_shlzzInZpw0-050	16.933583333333335	508
023_shlzzInZpw0-051	6.823483333333334	205
023_shlzzInZpw0-052	19.1191	574
023_shlzzInZpw0-053	24.007316666666668	720
023_shlzzInZpw0-054	27.2272	817
023_shlzzInZpw0-055	11.96195	359
023_shlzzInZpw0-056	24.424400000000002	733
023_shlzzInZpw0-057	13.129783333333334	394
023_shlzzInZpw0-058	32.88285	986
023_shlzzInZpw0-059	6.690016666666667	201
023_shlzzInZpw0-060	8.391716666666667	252
023_shlzzInZpw0-061	4.738066666666667	142
023_shlzzInZpw0-062	19.335983333333335	580
023_shlzzInZpw0-063	5.4054	162
023_shlzzInZpw0-064	26.309616666666667	789
023_shlzzInZpw0-065	13.179833333333333	395
023_shlzzInZpw0-066	9.392716666666667	282
023_shlzzInZpw0-067	21.588233333333335	648
023_shlzzInZpw0-068	39.07236666666667	1172
023_shlzzInZpw0-069	101.95185000000001	3059
023_shlzzInZpw0-070	23.456766666666667	704
023_shlzzInZpw0-071	30.2302	907
023_shlzzInZpw0-072	33.650283333333334	1010
023_shlzzInZpw0-073	12.045366666666666	361
023_shlzzInZpw0-074	24.407716666666666	732
023_shlzzInZpw0-075	9.726383333333333	292
023_shlzzInZpw0-076	3.1364666666666667	94
023_shlzzInZpw0-077	3.2866166666666667	99
023_shlzzInZpw0-078	16.700016666666667	501
023_shlzzInZpw0-079	40.45708333333334	1214
023_shlzzInZpw0-080	8.875533333333333	266
023_shlzzInZpw0-081	29.012316666666667	870
023_shlzzInZpw0-082	83.66691666666667	2510
023_shlzzInZpw0-083	15.06505	452
023_shlzzInZpw0-084	14.881533333333334	446
023_shlzzInZpw0-085	84.55113333333334	2537
023_shlzzInZpw0-086	36.169466666666665	1085
023_shlzzInZpw0-087	19.4194	583
023_shlzzInZpw0-088	8.458450000000001	254
023_shlzzInZpw0-089	16.649966666666668	499
023_shlzzInZpw0-090	20.970950000000002	629
023_shlzzInZpw0-091	69.71965	2092
023_shlzzInZpw0-092	24.040683333333334	721
023_shlzzInZpw0-093	14.06405	422
023_shlzzInZpw0-094	67.06700000000001	2012
023_shlzzInZpw0-095	9.793116666666666	294
023_shlzzInZpw0-096	90.55713333333334	2717
024_EoEKTNJ_BH4-013	153.26978333333332	4598
024_EoEKTNJ_BH4-014	18.451766666666668	554
024_EoEKTNJ_BH4-015	7.841166666666667	235
024_EoEKTNJ_BH4-016	43.326616666666666	1300
024_EoEKTNJ_BH4-017	22.355666666666668	671
024_EoEKTNJ_BH4-018	51.08436666666667	1533
024_EoEKTNJ_BH4-019	56.27288333333333	1688
024_EoEKTNJ_BH4-020	9.025683333333333	271
024_EoEKTNJ_BH4-021	27.67765	830
024_EoEKTNJ_BH4-022	15.248566666666667	457
024_EoEKTNJ_BH4-023	105.2051	3156
024_EoEKTNJ_BH4-024	12.796116666666666	384
024_EoEKTNJ_BH4-025	11.2112	336
024_EoEKTNJ_BH4-026	25.025000000000002	751
024_EoEKTNJ_BH4-027	49.5495	1486
024_EoEKTNJ_BH4-028	10.6106	318
024_EoEKTNJ_BH4-029	8.25825	248
024_EoEKTNJ_BH4-030	40.40703333333333	1212
024_EoEKTNJ_BH4-031	15.015	450
024_EoEKTNJ_BH4-032	60.126733333333334	1804
024_EoEKTNJ_BH4-033	7.65765	230
024_EoEKTNJ_BH4-034	33.66696666666667	1010
024_EoEKTNJ_BH4-035	13.246566666666666	397
024_EoEKTNJ_BH4-036	33.36666666666667	1001
024_EoEKTNJ_BH4-037	22.305616666666666	669
024_EoEKTNJ_BH4-038	3.003	90
024_EoEKTNJ_BH4-039	11.928583333333334	358
024_EoEKTNJ_BH4-040	33.4334	1003
024_EoEKTNJ_BH4-041	40.27356666666667	1208
024_EoEKTNJ_BH4-042	9.392716666666667	282
024_EoEKTNJ_BH4-043	15.031683333333334	451
024_EoEKTNJ_BH4-044	37.77106666666667	1133
024_EoEKTNJ_BH4-045	60.727333333333334	1822
024_EoEKTNJ_BH4-046	13.446766666666667	403
024_EoEKTNJ_BH4-047	118.93548333333334	3568
024_EoEKTNJ_BH4-048	17.634283333333332	529
024_EoEKTNJ_BH4-049	8.241566666666667	247
024_EoEKTNJ_BH4-050	7.5075	225
024_EoEKTNJ_BH4-052	14.481133333333334	434
024_EoEKTNJ_BH4-053	5.021683333333334	151
024_EoEKTNJ_BH4-054	192.00848333333334	5760
024_EoEKTNJ_BH4-055	9.325983333333333	280
024_EoEKTNJ_BH4-056	12.76275	383
024_EoEKTNJ_BH4-057	10.36035	311
024_EoEKTNJ_BH4-058	23.073050000000002	692
024_EoEKTNJ_BH4-059	16.433083333333332	493
024_EoEKTNJ_BH4-060	77.66091666666667	2330
024_EoEKTNJ_BH4-061	37.971266666666665	1139
024_EoEKTNJ_BH4-062	41.041000000000004	1231
024_EoEKTNJ_BH4-063	160.7606	4823
024_EoEKTNJ_BH4-064	4.671333333333333	140
024_EoEKTNJ_BH4-065	81.26451666666667	2438
024_EoEKTNJ_BH4-066	56.79006666666667	1704
024_EoEKTNJ_BH4-067	220.97075	6629
024_EoEKTNJ_BH4-083	46.813433333333336	1404
025_F4z2cXzH6zA-005	8.324983333333334	250
025_F4z2cXzH6zA-009	3.6703333333333332	110
025_F4z2cXzH6zA-082	28.411716666666667	852
025_F4z2cXzH6zA-134	5.138466666666667	154
025_F4z2cXzH6zA-135	13.9139	417
025_F4z2cXzH6zA-136	48.26488333333334	1448
025_F4z2cXzH6zA-137	8.675333333333333	260
025_F4z2cXzH6zA-138	18.8188	565
025_F4z2cXzH6zA-139	42.25888333333334	1268
025_F4z2cXzH6zA-140	55.77238333333334	1673
025_F4z2cXzH6zA-141	15.699016666666667	471
025_F4z2cXzH6zA-142	10.193516666666667	306
025_F4z2cXzH6zA-143	3.8038	114
025_F4z2cXzH6zA-144	24.124100000000002	724
025_F4z2cXzH6zA-145	25.742383333333333	772
025_F4z2cXzH6zA-146	38.97226666666667	1169
025_F4z2cXzH6zA-147	30.346983333333334	910
025_F4z2cXzH6zA-148	57.624233333333336	1729
025_F4z2cXzH6zA-149	22.455766666666666	674
025_F4z2cXzH6zA-150	9.676333333333334	290
025_F4z2cXzH6zA-151	30.413716666666666	912
025_F4z2cXzH6zA-152	3.8872166666666668	117
025_F4z2cXzH6zA-153	44.86148333333333	1346
025_F4z2cXzH6zA-154	28.028000000000002	841
025_F4z2cXzH6zA-155	29.045683333333333	871
025_F4z2cXzH6zA-156	99.33256666666666	2980
025_F4z2cXzH6zA-157	73.84043333333334	2215
025_F4z2cXzH6zA-159	11.928583333333334	358
025_F4z2cXzH6zA-160	6.690016666666667	201
025_F4z2cXzH6zA-161	10.5105	315
025_F4z2cXzH6zA-162	13.897216666666667	417
025_F4z2cXzH6zA-163	26.192833333333333	786
025_F4z2cXzH6zA-164	9.376033333333334	281
025_F4z2cXzH6zA-165	161.31115	4839
025_F4z2cXzH6zA-166	14.2142	426
025_F4z2cXzH6zA-167	12.996316666666667	390
025_F4z2cXzH6zA-168	8.25825	248
025_F4z2cXzH6zA-169	47.13041666666667	1414
025_F4z2cXzH6zA-170	82.73265	2482
025_F4z2cXzH6zA-171	36.55318333333334	1097
025_F4z2cXzH6zA-172	11.761750000000001	353
025_F4z2cXzH6zA-173	31.08105	932
025_F4z2cXzH6zA-174	18.451766666666668	554
025_F4z2cXzH6zA-176	8.024683333333334	241
025_F4z2cXzH6zA-177	191.80828333333335	5754
025_F4z2cXzH6zA-178	9.642966666666666	289
025_F4z2cXzH6zA-179	132.21541666666667	3966
025_F4z2cXzH6zA-180	33.24988333333334	997
025_F4z2cXzH6zA-181	89.90648333333334	2697
025_F4z2cXzH6zA-182	9.809800000000001	294
025_F4z2cXzH6zA-183	9.75975	293
025_F4z2cXzH6zA-184	7.974633333333333	239
025_F4z2cXzH6zA-185	82.76601666666667	2483
025_F4z2cXzH6zA-186	21.77175	653
025_F4z2cXzH6zA-205	37.57086666666667	1127
025_F4z2cXzH6zA-210	35.96926666666667	1079
025_F4z2cXzH6zA-217	43.49345	1305
025_F4z2cXzH6zA-220	6.473133333333333	194
025_F4z2cXzH6zA-221	7.8078	234
025_F4z2cXzH6zA-222	3.9039	117
026_KUOD7C6cVYY-003	50.48376666666667	1515
026_KUOD7C6cVYY-064	15.298616666666668	459
026_KUOD7C6cVYY-065	18.535183333333332	556
026_KUOD7C6cVYY-066	99.48271666666666	2984
026_KUOD7C6cVYY-067	12.495816666666666	375
026_KUOD7C6cVYY-068	7.524183333333333	226
026_KUOD7C6cVYY-069	39.9399	1198
026_KUOD7C6cVYY-070	11.077733333333333	332
026_KUOD7C6cVYY-071	21.538183333333333	646
026_KUOD7C6cVYY-072	13.046366666666668	391
026_KUOD7C6cVYY-073	9.3093	279
026_KUOD7C6cVYY-074	58.274883333333335	1748
026_KUOD7C6cVYY-075	13.3133	399
026_KUOD7C6cVYY-076	65.065	1952
026_KUOD7C6cVYY-077	43.676966666666665	1310
026_KUOD7C6cVYY-078	14.197516666666667	426
026_KUOD7C6cVYY-079	4.087416666666667	123
026_KUOD7C6cVYY-080	9.959950000000001	299
026_KUOD7C6cVYY-081	44.027316666666664	1321
026_KUOD7C6cVYY-082	69.80306666666667	2094
026_KUOD7C6cVYY-083	28.194833333333335	846
026_KUOD7C6cVYY-084	3.8204833333333332	115
026_KUOD7C6cVYY-085	6.5065	195
026_KUOD7C6cVYY-086	32.24888333333333	967
026_KUOD7C6cVYY-087	34.801433333333335	1044
026_KUOD7C6cVYY-088	5.071733333333333	152
026_KUOD7C6cVYY-089	18.835483333333332	565
026_KUOD7C6cVYY-090	14.547866666666668	436
026_KUOD7C6cVYY-091	12.26225	368
026_KUOD7C6cVYY-092	11.1111	333
026_KUOD7C6cVYY-093	23.106416666666668	693
026_KUOD7C6cVYY-094	8.308300000000001	249
026_KUOD7C6cVYY-095	17.584233333333334	528
026_KUOD7C6cVYY-096	6.45645	194
026_KUOD7C6cVYY-098	6.7233833333333335	202
026_KUOD7C6cVYY-099	8.825483333333333	265
026_KUOD7C6cVYY-100	67.00026666666666	2010
026_KUOD7C6cVYY-101	6.2062	186
026_KUOD7C6cVYY-102	14.647966666666667	439
026_KUOD7C6cVYY-103	13.863850000000001	416
026_KUOD7C6cVYY-104	12.512500000000001	375
026_KUOD7C6cVYY-105	31.414716666666667	942
026_KUOD7C6cVYY-106	7.65765	230
026_KUOD7C6cVYY-107	83.19978333333333	2496
026_KUOD7C6cVYY-108	4.738066666666667	142
026_KUOD7C6cVYY-109	11.478133333333334	344
026_KUOD7C6cVYY-110	12.829483333333334	385
026_KUOD7C6cVYY-111	12.379033333333334	371
026_KUOD7C6cVYY-112	113.36325000000001	3401
026_KUOD7C6cVYY-113	147.66418333333334	4430
026_KUOD7C6cVYY-114	28.628600000000002	859
026_KUOD7C6cVYY-115	30.013316666666668	900
026_KUOD7C6cVYY-116	6.589916666666666	198
026_KUOD7C6cVYY-117	92.29220000000001	2769
026_KUOD7C6cVYY-118	21.5215	646
026_KUOD7C6cVYY-119	123.59013333333334	3708
026_KUOD7C6cVYY-120	19.386033333333334	582
026_KUOD7C6cVYY-121	35.16846666666667	1055
026_KUOD7C6cVYY-122	9.826483333333334	295
026_KUOD7C6cVYY-123	49.566183333333335	1487
026_KUOD7C6cVYY-124	53.336616666666664	1600
026_KUOD7C6cVYY-125	13.6136	408
026_KUOD7C6cVYY-126	4.270933333333334	128
026_KUOD7C6cVYY-127	123.00621666666667	3690
026_KUOD7C6cVYY-140	16.599916666666665	498
026_KUOD7C6cVYY-188	5.221883333333333	157
026_KUOD7C6cVYY-189	3.7037	111
026_KUOD7C6cVYY-190	3.1197833333333334	94
026_KUOD7C6cVYY-200	6.222883333333334	187
026_KUOD7C6cVYY-203	7.290616666666667	219
026_KUOD7C6cVYY-204	5.488816666666667	165
026_KUOD7C6cVYY-206	8.641966666666667	259
027_firPukKco24-028	57.97222407691794	1739
027_firPukKco24-029	6.94398077051479	208
027_firPukKco24-030	49.70955465046404	1491
027_firPukKco24-031	5.308139146691594	159
027_firPukKco24-032	4.089604059557989	123
027_firPukKco24-033	13.086732990585563	393
027_firPukKco24-034	32.44975629298257	973
027_firPukKco24-035	24.70454697202377	741
027_firPukKco24-036	3.1715296788408893	95
027_firPukKco24-037	8.412899779662148	252
027_firPukKco24-038	7.4781331374774656	224
027_firPukKco24-039	25.322160646324363	760
027_firPukKco24-040	19.363023302397007	581
027_firPukKco24-041	20.38125125191961	611
027_firPukKco24-042	20.93209588034987	628
027_firPukKco24-043	51.76270281097683	1553
027_firPukKco24-044	10.065433664952927	302
027_firPukKco24-045	13.086732990585563	393
027_firPukKco24-046	46.33771783401215	1390
027_firPukKco24-047	5.241370100821259	157
027_firPukKco24-048	10.799893169526607	324
027_firPukKco24-049	48.59117313213594	1458
027_firPukKco24-050	38.87627695800227	1166
027_firPukKco24-051	7.144287908125793	214
027_firPukKco24-052	46.871870200974826	1406
027_firPukKco24-053	31.398143820524805	942
027_firPukKco24-054	48.47432730186286	1454
027_firPukKco24-055	14.505575215330172	435
027_firPukKco24-056	60.82660078787474	1825
027_firPukKco24-057	15.840956132736864	475
027_firPukKco24-058	42.264806035921744	1268
027_firPukKco24-059	145.77351939640783	4373
027_firPukKco24-060	21.883554784002136	657
027_firPukKco24-061	6.276290311811444	188
027_firPukKco24-062	9.764972958536422	293
027_firPukKco24-063	16.05795553181545	482
027_firPukKco24-064	15.840956132736864	475
027_firPukKco24-066	38.60920077452093	1158
027_firPukKco24-067	4.890832610002003	147
027_firPukKco24-068	9.648127128263337	289
027_firPukKco24-069	45.25272083861922	1358
027_firPukKco24-070	22.21740001335381	667
027_firPukKco24-071	26.056620150898045	782
027_firPukKco24-072	13.43727048140482	403
027_firPukKco24-073	55.6686919943914	1670
027_firPukKco24-074	9.815049742939173	294
027_firPukKco24-075	41.86419176069974	1256
027_firPukKco24-076	18.461641183147492	554
027_firPukKco24-077	10.866662215396941	326
027_firPukKco24-078	22.067169660145556	662
027_firPukKco24-079	19.296254256526673	579
027_firPukKco24-080	18.611871536355746	558
027_firPukKco24-081	23.018628563797822	691
027_firPukKco24-082	20.915403618882287	627
027_firPukKco24-083	4.673833210923416	140
027_firPukKco24-084	20.531481605127862	616
027_firPukKco24-085	5.808906990719103	174
027_firPukKco24-086	8.896975362222074	267
027_firPukKco24-087	19.31294651799426	579
027_firPukKco24-088	7.4781331374774656	224
027_firPukKco24-089	7.678440275088469	230
027_firPukKco24-090	72.72818321426186	2182
027_firPukKco24-091	4.807371302664085	144
027_firPukKco24-092	45.31948988448955	1360
027_firPukKco24-093	19.73025305468385	592
027_firPukKco24-094	5.508446284302598	165
027_firPukKco24-095	68.28804166388463	2049
027_firPukKco24-096	6.276290311811444	188
027_firPukKco24-097	10.95012352273486	329
027_firPukKco24-098	6.710289109968619	201
027_firPukKco24-099	27.074848100420645	812
027_firPukKco24-100	14.939574013487347	448
027_firPukKco24-101	47.773252320224344	1433
027_firPukKco24-102	4.406757027442078	132
027_firPukKco24-103	46.05394938906323	1382
027_firPukKco24-104	8.496361087000066	255
027_firPukKco24-105	26.106696935300793	783
027_firPukKco24-106	13.654269880483408	410
027_firPukKco24-107	11.985043733725044	360
027_firPukKco24-108	5.041062963210256	151
027_firPukKco24-109	6.393136142084529	192
027_firPukKco24-110	114.4922214061561	3435
027_firPukKco24-111	4.824063564131668	145
027_firPukKco24-112	13.687654403418575	411
027_firPukKco24-113	9.598050343860587	288
027_firPukKco24-114	6.810442678774121	204
027_firPukKco24-115	9.898511050277092	297
027_firPukKco24-116	13.086732990585563	393
027_firPukKco24-117	28.39353675635975	852
027_firPukKco24-118	102.13994792014422	3064
027_firPukKco24-119	13.721038926353742	412
027_firPukKco24-134	7.411364091607131	222
027_firPukKco24-136	5.608599853108099	168
027_firPukKco24-137	6.643520064098284	199
028_iznQ2dDWc5A-003	56.70665	1701
028_iznQ2dDWc5A-022	33.88385	1017
028_iznQ2dDWc5A-023	3.2866166666666667	99
028_iznQ2dDWc5A-024	43.35998333333333	1301
028_iznQ2dDWc5A-025	6.022683333333333	181
028_iznQ2dDWc5A-026	71.22115	2137
028_iznQ2dDWc5A-027	32.7327	982
028_iznQ2dDWc5A-028	3.186516666666667	96
028_iznQ2dDWc5A-029	6.489816666666667	195
028_iznQ2dDWc5A-030	12.045366666666666	361
028_iznQ2dDWc5A-031	53.887166666666666	1617
028_iznQ2dDWc5A-032	28.194833333333335	846
028_iznQ2dDWc5A-033	3.9706333333333332	119
028_iznQ2dDWc5A-034	46.563183333333335	1397
028_iznQ2dDWc5A-035	33.650283333333334	1010
028_iznQ2dDWc5A-036	5.4054	162
028_iznQ2dDWc5A-037	48.73201666666667	1462
028_iznQ2dDWc5A-038	4.170833333333333	125
028_iznQ2dDWc5A-039	7.440766666666667	223
028_iznQ2dDWc5A-040	27.711016666666666	831
028_iznQ2dDWc5A-041	41.37466666666667	1241
028_iznQ2dDWc5A-042	32.19883333333333	966
028_iznQ2dDWc5A-043	14.7147	441
028_iznQ2dDWc5A-044	25.2252	757
028_iznQ2dDWc5A-045	38.92221666666667	1168
028_iznQ2dDWc5A-046	43.560183333333335	1307
028_iznQ2dDWc5A-047	76.14273333333334	2284
028_iznQ2dDWc5A-048	26.259566666666668	788
028_iznQ2dDWc5A-049	21.454766666666668	644
028_iznQ2dDWc5A-050	57.59086666666667	1728
028_iznQ2dDWc5A-051	23.590233333333334	708
028_iznQ2dDWc5A-052	24.874850000000002	746
028_iznQ2dDWc5A-053	39.07236666666667	1172
028_iznQ2dDWc5A-054	20.153466666666667	605
028_iznQ2dDWc5A-055	3.6536500000000003	110
028_iznQ2dDWc5A-056	30.48045	914
028_iznQ2dDWc5A-057	85.56881666666666	2567
028_iznQ2dDWc5A-058	4.4044	132
028_iznQ2dDWc5A-059	55.088366666666666	1653
028_iznQ2dDWc5A-060	18.201516666666667	546
028_iznQ2dDWc5A-061	29.696333333333335	891
028_iznQ2dDWc5A-062	30.4304	913
028_iznQ2dDWc5A-063	7.7077	231
028_iznQ2dDWc5A-064	39.78975	1194
028_iznQ2dDWc5A-065	15.181833333333334	455
028_iznQ2dDWc5A-066	56.956900000000005	1709
028_iznQ2dDWc5A-067	12.1121	363
028_iznQ2dDWc5A-068	4.320983333333333	130
028_iznQ2dDWc5A-069	31.047683333333335	931
028_iznQ2dDWc5A-070	3.8371666666666666	115
028_iznQ2dDWc5A-071	58.091366666666666	1743
028_iznQ2dDWc5A-098	3.9205833333333335	118
028_iznQ2dDWc5A-099	7.223883333333333	217
028_iznQ2dDWc5A-100	4.921583333333333	148
028_iznQ2dDWc5A-101	8.324983333333334	250
029_p-MDsFhZlv8-037	39.039	1171
029_p-MDsFhZlv8-038	7.273933333333334	218
029_p-MDsFhZlv8-039	22.188833333333335	666
029_p-MDsFhZlv8-040	11.26125	338
029_p-MDsFhZlv8-041	25.041683333333335	751
029_p-MDsFhZlv8-042	13.947266666666668	418
029_p-MDsFhZlv8-043	5.839166666666666	175
029_p-MDsFhZlv8-044	48.39835	1452
029_p-MDsFhZlv8-045	9.275933333333333	278
029_p-MDsFhZlv8-046	32.8328	985
029_p-MDsFhZlv8-047	10.76075	323
029_p-MDsFhZlv8-048	11.911900000000001	357
029_p-MDsFhZlv8-049	20.904216666666667	627
029_p-MDsFhZlv8-050	48.1481	1444
029_p-MDsFhZlv8-051	22.288933333333333	669
029_p-MDsFhZlv8-052	11.394716666666667	342
029_p-MDsFhZlv8-053	39.62291666666667	1189
029_p-MDsFhZlv8-054	99.41598333333333	2982
029_p-MDsFhZlv8-055	39.68965	1191
029_p-MDsFhZlv8-056	9.659650000000001	290
029_p-MDsFhZlv8-057	7.7911166666666665	234
029_p-MDsFhZlv8-058	18.101416666666665	543
029_p-MDsFhZlv8-059	43.05968333333333	1292
029_p-MDsFhZlv8-060	5.939266666666667	178
029_p-MDsFhZlv8-061	20.904216666666667	627
029_p-MDsFhZlv8-062	4.270933333333334	128
029_p-MDsFhZlv8-063	20.086733333333335	603
029_p-MDsFhZlv8-064	41.67496666666667	1250
029_p-MDsFhZlv8-065	75.35861666666666	2261
029_p-MDsFhZlv8-066	20.57055	617
029_p-MDsFhZlv8-067	44.99495	1350
029_p-MDsFhZlv8-068	46.146100000000004	1384
029_p-MDsFhZlv8-069	9.943266666666666	298
029_p-MDsFhZlv8-070	8.324983333333334	250
029_p-MDsFhZlv8-071	24.240883333333333	727
029_p-MDsFhZlv8-072	14.097416666666668	423
029_p-MDsFhZlv8-073	4.3043000000000005	129
029_p-MDsFhZlv8-074	53.13641666666667	1594
029_p-MDsFhZlv8-075	5.722383333333333	172
029_p-MDsFhZlv8-076	15.582233333333333	467
029_p-MDsFhZlv8-077	19.285933333333332	579
029_p-MDsFhZlv8-078	8.758750000000001	263
029_p-MDsFhZlv8-079	37.670966666666665	1130
029_p-MDsFhZlv8-080	138.48835	4155
029_p-MDsFhZlv8-081	7.140466666666667	214
029_p-MDsFhZlv8-088	77.62755	2329
029_p-MDsFhZlv8-104	9.225883333333334	277
029_p-MDsFhZlv8-105	7.040366666666666	211
029_p-MDsFhZlv8-106	7.1738333333333335	215
029_p-MDsFhZlv8-107	9.826483333333334	295
030_Vay2YGGv9CI-112	31.06436666666667	932
030_Vay2YGGv9CI-113	14.698016666666668	441
030_Vay2YGGv9CI-114	24.140783333333335	724
030_Vay2YGGv9CI-115	34.034	1021
030_Vay2YGGv9CI-116	4.55455	137
030_Vay2YGGv9CI-117	47.514133333333334	1425
030_Vay2YGGv9CI-118	56.40635	1692
030_Vay2YGGv9CI-119	15.699016666666667	471
030_Vay2YGGv9CI-120	11.86185	356
030_Vay2YGGv9CI-121	24.507816666666667	735
030_Vay2YGGv9CI-122	6.773433333333333	203
030_Vay2YGGv9CI-123	38.47176666666667	1154
030_Vay2YGGv9CI-124	26.376350000000002	791
030_Vay2YGGv9CI-125	14.431083333333333	433
030_Vay2YGGv9CI-126	115.43198333333333	3463
030_Vay2YGGv9CI-127	21.354666666666667	641
030_Vay2YGGv9CI-128	26.760066666666667	803
030_Vay2YGGv9CI-129	54.621233333333336	1639
030_Vay2YGGv9CI-130	43.510133333333336	1305
030_Vay2YGGv9CI-131	4.337666666666666	130
030_Vay2YGGv9CI-132	11.2112	336
030_Vay2YGGv9CI-133	18.8188	565
030_Vay2YGGv9CI-134	58.091366666666666	1743
030_Vay2YGGv9CI-135	17.550866666666668	527
030_Vay2YGGv9CI-136	7.9079	237
030_Vay2YGGv9CI-137	51.117733333333334	1534
030_Vay2YGGv9CI-138	12.579233333333333	377
030_Vay2YGGv9CI-139	4.25425	128
030_Vay2YGGv9CI-140	40.70733333333333	1221
030_Vay2YGGv9CI-141	6.639966666666667	199
030_Vay2YGGv9CI-142	9.9099	297
030_Vay2YGGv9CI-143	8.274933333333333	248
030_Vay2YGGv9CI-144	39.68965	1191
030_Vay2YGGv9CI-145	11.594916666666666	348
030_Vay2YGGv9CI-146	44.711333333333336	1341
030_Vay2YGGv9CI-147	16.766750000000002	503
030_Vay2YGGv9CI-148	39.48945	1185
030_Vay2YGGv9CI-149	37.98795	1140
030_Vay2YGGv9CI-150	12.178833333333333	365
030_Vay2YGGv9CI-151	5.939266666666667	178
030_Vay2YGGv9CI-152	47.69765	1431
030_Vay2YGGv9CI-153	24.491133333333334	735
030_Vay2YGGv9CI-154	23.6236	709
030_Vay2YGGv9CI-155	58.575183333333335	1757
030_Vay2YGGv9CI-156	128.01121666666666	3840
030_Vay2YGGv9CI-157	30.9309	928
030_Vay2YGGv9CI-158	10.643966666666667	319
030_Vay2YGGv9CI-159	10.260250000000001	308
030_Vay2YGGv9CI-160	11.945266666666667	358
030_Vay2YGGv9CI-161	25.909216666666666	777
030_Vay2YGGv9CI-162	5.438766666666667	163
030_Vay2YGGv9CI-163	4.020683333333333	121
030_Vay2YGGv9CI-164	90.22346666666667	2707
030_Vay2YGGv9CI-166	4.6046000000000005	138
030_Vay2YGGv9CI-180	79.34593333333333	2380
030_Vay2YGGv9CI-191	9.192516666666666	276
031_gWtP5FFsfMc-043	46.46308333333334	1394
031_gWtP5FFsfMc-044	6.990316666666667	210
031_gWtP5FFsfMc-045	21.788433333333334	654
031_gWtP5FFsfMc-046	8.024683333333334	241
031_gWtP5FFsfMc-047	13.930583333333333	418
031_gWtP5FFsfMc-048	8.908900000000001	267
031_gWtP5FFsfMc-049	17.7177	532
031_gWtP5FFsfMc-050	6.1061000000000005	183
031_gWtP5FFsfMc-051	45.178466666666665	1355
031_gWtP5FFsfMc-052	57.04031666666667	1711
031_gWtP5FFsfMc-053	17.517500000000002	526
031_gWtP5FFsfMc-054	7.35735	221
031_gWtP5FFsfMc-055	45.87916666666667	1376
031_gWtP5FFsfMc-056	14.698016666666668	441
031_gWtP5FFsfMc-057	14.948266666666667	448
031_gWtP5FFsfMc-058	8.825483333333333	265
031_gWtP5FFsfMc-059	13.66365	410
031_gWtP5FFsfMc-060	41.19115	1236
031_gWtP5FFsfMc-061	20.787433333333333	624
031_gWtP5FFsfMc-062	28.495133333333335	855
031_gWtP5FFsfMc-063	5.588916666666667	168
031_gWtP5FFsfMc-064	9.075733333333334	272
031_gWtP5FFsfMc-065	32.98295	989
031_gWtP5FFsfMc-066	48.181466666666665	1445
031_gWtP5FFsfMc-067	7.741066666666667	232
031_gWtP5FFsfMc-068	5.472133333333334	164
031_gWtP5FFsfMc-069	85.65223333333333	2570
031_gWtP5FFsfMc-070	3.9039	117
031_gWtP5FFsfMc-071	11.845166666666668	355
031_gWtP5FFsfMc-072	16.449766666666665	493
031_gWtP5FFsfMc-073	9.225883333333334	277
031_gWtP5FFsfMc-074	41.69165	1251
031_gWtP5FFsfMc-075	4.1041	123
031_gWtP5FFsfMc-076	16.182833333333335	485
031_gWtP5FFsfMc-077	26.843483333333335	805
031_gWtP5FFsfMc-078	12.145466666666668	364
031_gWtP5FFsfMc-079	10.677333333333333	320
031_gWtP5FFsfMc-080	14.698016666666668	441
031_gWtP5FFsfMc-081	65.14841666666666	1954
031_gWtP5FFsfMc-082	67.61755	2029
031_gWtP5FFsfMc-083	20.9209	628
031_gWtP5FFsfMc-084	12.128783333333333	364
031_gWtP5FFsfMc-085	14.998316666666668	450
031_gWtP5FFsfMc-086	28.611916666666666	858
031_gWtP5FFsfMc-087	17.067050000000002	512
031_gWtP5FFsfMc-088	16.199516666666668	486
031_gWtP5FFsfMc-089	3.3867166666666666	102
031_gWtP5FFsfMc-090	5.3553500000000005	161
031_gWtP5FFsfMc-091	7.5075	225
031_gWtP5FFsfMc-092	3.2866166666666667	99
031_gWtP5FFsfMc-093	25.208516666666668	756
031_gWtP5FFsfMc-094	17.4174	523
031_gWtP5FFsfMc-095	36.036	1081
031_gWtP5FFsfMc-096	11.544866666666667	346
031_gWtP5FFsfMc-097	29.446083333333334	883
031_gWtP5FFsfMc-098	100.8007	3024
031_gWtP5FFsfMc-099	16.249566666666666	487
031_gWtP5FFsfMc-100	17.517500000000002	526
031_gWtP5FFsfMc-101	51.40135	1542
031_gWtP5FFsfMc-102	112.19541666666667	3366
031_gWtP5FFsfMc-111	52.63591666666667	1579
031_gWtP5FFsfMc-135	27.644283333333334	829
031_gWtP5FFsfMc-195	7.991316666666667	240
031_gWtP5FFsfMc-197	10.977633333333333	329
031_gWtP5FFsfMc-200	7.040366666666666	211
031_gWtP5FFsfMc-204	4.5045	135
031_gWtP5FFsfMc-207	19.536183333333334	586
031_gWtP5FFsfMc-209	8.775433333333334	263
031_gWtP5FFsfMc-211	9.192516666666666	276
032_s62PIih1aOQ-028	55.989266666666666	1680
032_s62PIih1aOQ-029	16.583233333333332	497
032_s62PIih1aOQ-030	20.637283333333333	619
032_s62PIih1aOQ-031	30.363666666666667	911
032_s62PIih1aOQ-032	14.26425	428
032_s62PIih1aOQ-033	15.949266666666666	478
032_s62PIih1aOQ-034	59.9599	1799
032_s62PIih1aOQ-035	20.003316666666667	600
032_s62PIih1aOQ-036	13.830483333333333	415
032_s62PIih1aOQ-037	19.335983333333335	580
032_s62PIih1aOQ-038	22.706016666666667	681
032_s62PIih1aOQ-039	8.65865	260
032_s62PIih1aOQ-040	9.442766666666667	283
032_s62PIih1aOQ-041	14.464450000000001	434
032_s62PIih1aOQ-042	15.1151	453
032_s62PIih1aOQ-043	5.622283333333334	169
032_s62PIih1aOQ-044	17.083733333333335	513
032_s62PIih1aOQ-045	31.614916666666666	948
032_s62PIih1aOQ-046	70.23683333333334	2107
032_s62PIih1aOQ-047	16.599916666666665	498
032_s62PIih1aOQ-048	15.749066666666668	472
032_s62PIih1aOQ-049	44.19415	1326
032_s62PIih1aOQ-050	62.6626	1880
032_s62PIih1aOQ-051	12.579233333333333	377
032_s62PIih1aOQ-052	19.335983333333335	580
032_s62PIih1aOQ-053	13.630283333333333	409
032_s62PIih1aOQ-054	8.491816666666667	255
032_s62PIih1aOQ-055	50.38366666666667	1512
032_s62PIih1aOQ-056	6.4230833333333335	193
032_s62PIih1aOQ-057	42.308933333333336	1269
032_s62PIih1aOQ-058	31.36466666666667	941
032_s62PIih1aOQ-059	15.331983333333334	460
032_s62PIih1aOQ-060	19.152466666666665	575
032_s62PIih1aOQ-061	36.352983333333334	1091
032_s62PIih1aOQ-062	17.851166666666668	536
032_s62PIih1aOQ-063	19.786433333333335	594
032_s62PIih1aOQ-064	17.26725	518
032_s62PIih1aOQ-065	48.114733333333334	1443
032_s62PIih1aOQ-066	17.634283333333332	529
032_s62PIih1aOQ-067	17.200516666666665	516
032_s62PIih1aOQ-068	57.9579	1739
032_s62PIih1aOQ-069	6.289616666666666	189
032_s62PIih1aOQ-070	82.39898333333333	2472
032_s62PIih1aOQ-071	15.2152	456
032_s62PIih1aOQ-072	32.48245	974
032_s62PIih1aOQ-073	24.541183333333333	736
032_s62PIih1aOQ-074	15.048366666666666	451
032_s62PIih1aOQ-075	3.7203833333333334	112
032_s62PIih1aOQ-076	21.054366666666667	632
032_s62PIih1aOQ-077	174.50766666666667	5235
032_s62PIih1aOQ-078	28.895533333333333	867
032_s62PIih1aOQ-080	31.78175	953
032_s62PIih1aOQ-081	20.17015	605
032_s62PIih1aOQ-082	4.2042	126
032_s62PIih1aOQ-083	11.177833333333334	335
032_s62PIih1aOQ-084	28.845483333333334	865
032_s62PIih1aOQ-085	18.284933333333335	549
032_s62PIih1aOQ-086	5.572233333333333	167
032_s62PIih1aOQ-087	4.4544500000000005	134
032_s62PIih1aOQ-088	93.46003333333333	2804
032_s62PIih1aOQ-089	9.142466666666667	274
032_s62PIih1aOQ-090	15.498816666666666	465
032_s62PIih1aOQ-091	40.8408	1225
032_s62PIih1aOQ-092	4.487816666666666	135
032_s62PIih1aOQ-126	6.4230833333333335	193
032_s62PIih1aOQ-127	7.724383333333334	232
032_s62PIih1aOQ-128	6.95695	209
032_s62PIih1aOQ-129	9.359350000000001	281
032_s62PIih1aOQ-130	4.721383333333334	142
049_2hYU85rRIow-001	13.72	412
049_2hYU85rRIow-002	66.68	2000
049_2hYU85rRIow-003	9.34	280
049_2hYU85rRIow-004	10.36	311
049_2hYU85rRIow-005	14.44	433
049_2hYU85rRIow-006	11.36	341
049_2hYU85rRIow-008	30.16	905
049_2hYU85rRIow-009	41.28	1238
049_2hYU85rRIow-010	11.52	346
049_2hYU85rRIow-011	61.24	1837
049_2hYU85rRIow-012	224.62	6739
049_2hYU85rRIow-014	84.32	2530
049_2hYU85rRIow-015	7.26	218
049_2hYU85rRIow-016	14.54	436
049_2hYU85rRIow-018	19.02	571
049_2hYU85rRIow-019	4.74	142
049_2hYU85rRIow-020	9.84	295
049_2hYU85rRIow-021	172.18	5165
049_2hYU85rRIow-022	19.6	588
049_2hYU85rRIow-023	77.1	2313
049_2hYU85rRIow-024	19.04	571
049_2hYU85rRIow-025	135.44	4063
049_2hYU85rRIow-026	30.68	920
049_2hYU85rRIow-027	38.76	1163
049_2hYU85rRIow-028	92.68	2780
049_2hYU85rRIow-029	68.58	2057
049_2hYU85rRIow-030	13.92	418
049_2hYU85rRIow-031	36.82	1105
049_2hYU85rRIow-032	44.32	1330
049_2hYU85rRIow-033	152.8	4584
050_CEoOpJBg2rk-001	16.28	488
050_CEoOpJBg2rk-002	3.6	108
050_CEoOpJBg2rk-003	153.56	4607
050_CEoOpJBg2rk-004	22.88	686
050_CEoOpJBg2rk-005	16.82	505
050_CEoOpJBg2rk-006	17.32	520
050_CEoOpJBg2rk-007	11.74	352
050_CEoOpJBg2rk-008	26.66	800
050_CEoOpJBg2rk-009	28.7	861
050_CEoOpJBg2rk-010	8.32	250
050_CEoOpJBg2rk-011	4.74	142
050_CEoOpJBg2rk-012	31.9	957
050_CEoOpJBg2rk-013	21.92	658
050_CEoOpJBg2rk-014	87.92	2638
050_CEoOpJBg2rk-015	21.74	652
050_CEoOpJBg2rk-016	21.32	640
050_CEoOpJBg2rk-019	4.86	146
050_CEoOpJBg2rk-020	16.24	487
050_CEoOpJBg2rk-021	6.6	198
050_CEoOpJBg2rk-022	9.64	289
050_CEoOpJBg2rk-023	10.22	307
050_CEoOpJBg2rk-024	9.68	290
050_CEoOpJBg2rk-026	13.76	413
050_CEoOpJBg2rk-027	62.32	1870
050_CEoOpJBg2rk-028	12.52	376
050_CEoOpJBg2rk-029	4.26	128
050_CEoOpJBg2rk-030	3.72	112
050_CEoOpJBg2rk-031	15.86	476
050_CEoOpJBg2rk-033	44.54	1336
050_CEoOpJBg2rk-034	90.94	2728
050_CEoOpJBg2rk-035	12.18	365
050_CEoOpJBg2rk-036	28.7	861
050_CEoOpJBg2rk-040	5.74	172
050_CEoOpJBg2rk-041	113.42	3403
050_CEoOpJBg2rk-042	152.64	4579
050_CEoOpJBg2rk-043	7.6	228
050_CEoOpJBg2rk-044	36.32	1090
050_CEoOpJBg2rk-045	4.6	138
050_CEoOpJBg2rk-046	62.6	1878
050_CEoOpJBg2rk-047	168.7	5061
050_CEoOpJBg2rk-048	25.14	754
050_CEoOpJBg2rk-052	120.92	3628
050_CEoOpJBg2rk-053	5.1	153
050_CEoOpJBg2rk-054	79.7	2391
050_CEoOpJBg2rk-056	4.48	134
050_CEoOpJBg2rk-057	35.16	1055
050_CEoOpJBg2rk-058	106.12	3184
050_CEoOpJBg2rk-059	61.84	1855
051_IAr4PGomaKU-001	97.74	2932
051_IAr4PGomaKU-002	62.38	1871
051_IAr4PGomaKU-003	14.86	446
051_IAr4PGomaKU-004	16.82	505
051_IAr4PGomaKU-005	88.08	2642
051_IAr4PGomaKU-006	43.42	1303
051_IAr4PGomaKU-007	13.42	403
051_IAr4PGomaKU-008	10.02	301
051_IAr4PGomaKU-009	17.02	511
051_IAr4PGomaKU-010	21.76	653
051_IAr4PGomaKU-011	31.22	937
051_IAr4PGomaKU-012	68.84	2065
051_IAr4PGomaKU-013	48.04	1441
051_IAr4PGomaKU-014	26.0	780
051_IAr4PGomaKU-015	19.6	588
051_IAr4PGomaKU-017	27.2	816
051_IAr4PGomaKU-018	71.06	2132
051_IAr4PGomaKU-019	38.18	1145
051_IAr4PGomaKU-020	52.36	1571
051_IAr4PGomaKU-021	28.46	854
051_IAr4PGomaKU-022	95.44	2863
051_IAr4PGomaKU-023	27.48	824
051_IAr4PGomaKU-024	9.88	296
051_IAr4PGomaKU-025	7.04	211
051_IAr4PGomaKU-026	30.28	908
051_IAr4PGomaKU-027	70.88	2126
051_IAr4PGomaKU-028	127.54	3826
051_IAr4PGomaKU-029	46.14	1384
051_IAr4PGomaKU-031	99.8	2994
051_IAr4PGomaKU-032	106.9	3207
051_IAr4PGomaKU-033	35.6	1068
051_IAr4PGomaKU-034	11.48	344
051_IAr4PGomaKU-035	28.72	862
051_IAr4PGomaKU-036	30.94	928
051_IAr4PGomaKU-037	102.56	3077
051_IAr4PGomaKU-038	35.5	1065
051_IAr4PGomaKU-039	196.38	5891
051_IAr4PGomaKU-040	37.16	1115
051_IAr4PGomaKU-042	126.18	3785
051_IAr4PGomaKU-043	6.02	181
051_IAr4PGomaKU-045	28.1	843
052_an7enUEyyQM-001	53.3	1599
052_an7enUEyyQM-002	28.98	869
052_an7enUEyyQM-003	7.06	212
052_an7enUEyyQM-004	15.64	469
052_an7enUEyyQM-005	9.18	275
052_an7enUEyyQM-006	10.3	309
052_an7enUEyyQM-007	38.78	1163
052_an7enUEyyQM-008	42.78	1283
052_an7enUEyyQM-009	13.62	409
052_an7enUEyyQM-010	11.84	355
052_an7enUEyyQM-011	9.08	272
052_an7enUEyyQM-012	5.16	155
052_an7enUEyyQM-014	8.4	252
052_an7enUEyyQM-015	10.74	322
052_an7enUEyyQM-016	26.84	805
052_an7enUEyyQM-019	5.08	152
052_an7enUEyyQM-020	26.28	788
052_an7enUEyyQM-021	33.94	1018
052_an7enUEyyQM-022	38.72	1162
052_an7enUEyyQM-023	19.1	573
052_an7enUEyyQM-024	6.46	194
052_an7enUEyyQM-025	14.54	436
052_an7enUEyyQM-026	22.84	685
052_an7enUEyyQM-027	52.96	1589
052_an7enUEyyQM-028	16.18	485
052_an7enUEyyQM-029	31.6	948
052_an7enUEyyQM-030	40.54	1216
052_an7enUEyyQM-031	12.28	368
052_an7enUEyyQM-032	24.46	734
052_an7enUEyyQM-033	19.28	578
052_an7enUEyyQM-034	45.72	1372
052_an7enUEyyQM-035	3.74	112
052_an7enUEyyQM-036	36.3	1089
052_an7enUEyyQM-037	20.04	601
052_an7enUEyyQM-038	104.1	3123
052_an7enUEyyQM-039	9.3	279
052_an7enUEyyQM-040	102.48	3074
052_an7enUEyyQM-042	5.16	155
052_an7enUEyyQM-043	5.54	166
052_an7enUEyyQM-044	19.76	593
052_an7enUEyyQM-045	85.88	2576
052_an7enUEyyQM-046	140.82	4225
052_an7enUEyyQM-048	15.24	457
052_an7enUEyyQM-049	38.4	1152
052_an7enUEyyQM-050	15.56	467
052_an7enUEyyQM-051	7.38	221
052_an7enUEyyQM-052	25.34	760
052_an7enUEyyQM-053	73.64	2209
052_an7enUEyyQM-054	11.4	342
052_an7enUEyyQM-055	29.14	874
052_an7enUEyyQM-057	264.78	7943
052_an7enUEyyQM-059	41.44	1243
052_an7enUEyyQM-060	72.2	2166
053_e0gWl7fJ9fM-001	81.88	2456
053_e0gWl7fJ9fM-003	12.5	375
053_e0gWl7fJ9fM-004	39.14	1174
053_e0gWl7fJ9fM-005	55.72	1672
053_e0gWl7fJ9fM-006	7.34	220
053_e0gWl7fJ9fM-007	12.32	370
053_e0gWl7fJ9fM-008	25.98	779
053_e0gWl7fJ9fM-009	14.54	436
053_e0gWl7fJ9fM-010	27.04	811
053_e0gWl7fJ9fM-011	43.32	1300
053_e0gWl7fJ9fM-012	5.28	158
053_e0gWl7fJ9fM-014	90.78	2723
053_e0gWl7fJ9fM-015	9.16	275
053_e0gWl7fJ9fM-016	32.36	971
053_e0gWl7fJ9fM-017	4.42	133
053_e0gWl7fJ9fM-018	82.78	2483
053_e0gWl7fJ9fM-019	4.04	121
053_e0gWl7fJ9fM-020	42.54	1276
053_e0gWl7fJ9fM-021	19.98	599
053_e0gWl7fJ9fM-022	32.64	979
053_e0gWl7fJ9fM-023	35.56	1067
053_e0gWl7fJ9fM-024	36.12	1084
053_e0gWl7fJ9fM-025	8.16	245
053_e0gWl7fJ9fM-026	59.38	1781
053_e0gWl7fJ9fM-027	25.76	773
053_e0gWl7fJ9fM-028	29.78	893
053_e0gWl7fJ9fM-029	5.36	161
053_e0gWl7fJ9fM-030	7.52	226
053_e0gWl7fJ9fM-032	39.94	1198
053_e0gWl7fJ9fM-033	204.86	6146
053_e0gWl7fJ9fM-035	30.34	910
053_e0gWl7fJ9fM-036	41.44	1243
053_e0gWl7fJ9fM-037	8.28	248
053_e0gWl7fJ9fM-038	6.86	206
053_e0gWl7fJ9fM-039	237.78	7133
053_e0gWl7fJ9fM-040	8.24	247
053_e0gWl7fJ9fM-041	19.26	578
053_e0gWl7fJ9fM-042	103.64	3109
053_e0gWl7fJ9fM-043	66.26	1988
053_e0gWl7fJ9fM-044	16.86	506
053_e0gWl7fJ9fM-046	26.48	794
053_e0gWl7fJ9fM-048	110.82	3325
054_5HN1qwNF7ig-001	21.62	649
054_5HN1qwNF7ig-002	24.42	733
054_5HN1qwNF7ig-003	7.54	226
054_5HN1qwNF7ig-004	21.7	651
054_5HN1qwNF7ig-005	36.76	1103
054_5HN1qwNF7ig-006	74.54	2236
054_5HN1qwNF7ig-007	15.2	456
054_5HN1qwNF7ig-008	4.46	134
054_5HN1qwNF7ig-009	45.74	1372
054_5HN1qwNF7ig-011	11.88	356
054_5HN1qwNF7ig-012	57.1	1713
054_5HN1qwNF7ig-013	21.62	649
054_5HN1qwNF7ig-014	47.24	1417
054_5HN1qwNF7ig-015	11.98	359
054_5HN1qwNF7ig-016	18.34	550
054_5HN1qwNF7ig-017	48.94	1468
054_5HN1qwNF7ig-018	12.5	375
054_5HN1qwNF7ig-019	16.74	502
054_5HN1qwNF7ig-020	17.06	512
054_5HN1qwNF7ig-021	27.46	824
054_5HN1qwNF7ig-022	102.42	3073
054_5HN1qwNF7ig-023	8.14	244
054_5HN1qwNF7ig-024	4.08	122
054_5HN1qwNF7ig-025	17.38	521
054_5HN1qwNF7ig-026	20.04	601
054_5HN1qwNF7ig-027	4.7	141
054_5HN1qwNF7ig-028	15.54	466
054_5HN1qwNF7ig-030	73.16	2195
054_5HN1qwNF7ig-031	6.16	185
054_5HN1qwNF7ig-032	31.3	939
054_5HN1qwNF7ig-033	7.64	229
054_5HN1qwNF7ig-035	11.2	336
054_5HN1qwNF7ig-036	106.38	3191
054_5HN1qwNF7ig-037	225.96	6779
054_5HN1qwNF7ig-038	9.0	270
054_5HN1qwNF7ig-039	11.98	359
054_5HN1qwNF7ig-040	10.12	304
054_5HN1qwNF7ig-041	11.1	333
054_5HN1qwNF7ig-042	53.58	1607
054_5HN1qwNF7ig-043	13.64	409
054_5HN1qwNF7ig-044	70.72	2122
054_5HN1qwNF7ig-045	36.0	1080
054_5HN1qwNF7ig-046	32.1	963
054_5HN1qwNF7ig-047	24.06	722
054_5HN1qwNF7ig-048	39.76	1193
054_5HN1qwNF7ig-050	15.18	455
054_5HN1qwNF7ig-051	25.16	755
054_5HN1qwNF7ig-052	121.12	3634
054_5HN1qwNF7ig-053	50.88	1526
055_BYxvyyfAYBQ-001	15.08	452
055_BYxvyyfAYBQ-002	95.14	2854
055_BYxvyyfAYBQ-003	18.54	556
055_BYxvyyfAYBQ-004	9.8	294
055_BYxvyyfAYBQ-005	96.54	2896
055_BYxvyyfAYBQ-006	8.2	246
055_BYxvyyfAYBQ-007	42.62	1279
055_BYxvyyfAYBQ-008	14.62	439
055_BYxvyyfAYBQ-009	9.62	289
055_BYxvyyfAYBQ-010	60.88	1826
055_BYxvyyfAYBQ-011	11.44	343
055_BYxvyyfAYBQ-012	12.78	383
055_BYxvyyfAYBQ-013	35.28	1058
055_BYxvyyfAYBQ-014	12.22	367
055_BYxvyyfAYBQ-015	26.94	808
055_BYxvyyfAYBQ-016	41.88	1256
055_BYxvyyfAYBQ-017	9.58	287
055_BYxvyyfAYBQ-018	18.22	547
055_BYxvyyfAYBQ-019	16.46	494
055_BYxvyyfAYBQ-020	10.24	307
055_BYxvyyfAYBQ-021	72.94	2188
055_BYxvyyfAYBQ-022	12.14	364
055_BYxvyyfAYBQ-023	36.8	1104
055_BYxvyyfAYBQ-024	16.4	492
055_BYxvyyfAYBQ-025	84.98	2549
055_BYxvyyfAYBQ-026	12.22	367
055_BYxvyyfAYBQ-027	59.32	1780
055_BYxvyyfAYBQ-028	7.56	227
055_BYxvyyfAYBQ-029	29.86	896
055_BYxvyyfAYBQ-030	8.46	254
055_BYxvyyfAYBQ-031	46.1	1383
055_BYxvyyfAYBQ-032	38.02	1141
055_BYxvyyfAYBQ-036	19.04	571
055_BYxvyyfAYBQ-038	39.3	1179
055_BYxvyyfAYBQ-039	109.96	3299
055_BYxvyyfAYBQ-040	28.14	844
055_BYxvyyfAYBQ-041	197.18	5915
055_BYxvyyfAYBQ-043	7.28	218
055_BYxvyyfAYBQ-044	8.9	267
055_BYxvyyfAYBQ-045	18.64	559
055_BYxvyyfAYBQ-047	30.88	926
055_BYxvyyfAYBQ-048	128.32	3850
056_mAim3rYPqsA-001	11.06	332
056_mAim3rYPqsA-002	17.62	529
056_mAim3rYPqsA-003	4.08	122
056_mAim3rYPqsA-004	31.18	935
056_mAim3rYPqsA-005	24.96	749
056_mAim3rYPqsA-006	25.88	776
056_mAim3rYPqsA-007	18.54	556
056_mAim3rYPqsA-008	63.74	1912
056_mAim3rYPqsA-009	39.04	1171
056_mAim3rYPqsA-010	14.6	438
056_mAim3rYPqsA-011	4.74	142
056_mAim3rYPqsA-012	44.46	1334
056_mAim3rYPqsA-014	17.94	538
056_mAim3rYPqsA-015	56.82	1705
056_mAim3rYPqsA-016	23.7	711
056_mAim3rYPqsA-017	24.82	745
056_mAim3rYPqsA-018	48.86	1466
056_mAim3rYPqsA-019	96.24	2887
056_mAim3rYPqsA-020	35.78	1073
056_mAim3rYPqsA-022	52.46	1574
056_mAim3rYPqsA-023	7.66	230
056_mAim3rYPqsA-024	15.8	474
056_mAim3rYPqsA-025	67.2	2016
056_mAim3rYPqsA-027	5.66	170
056_mAim3rYPqsA-028	57.38	1721
056_mAim3rYPqsA-029	60.26	1808
056_mAim3rYPqsA-031	45.0	1350
056_mAim3rYPqsA-032	86.7	2601
056_mAim3rYPqsA-033	18.98	569
056_mAim3rYPqsA-034	116.1	3483
056_mAim3rYPqsA-035	10.08	302
056_mAim3rYPqsA-037	73.1	2193
056_mAim3rYPqsA-038	25.02	751
056_mAim3rYPqsA-039	86.38	2591
057_uXPdbHw7lFE-003	64.92	1948
057_uXPdbHw7lFE-004	9.64	289
057_uXPdbHw7lFE-005	13.1	393
057_uXPdbHw7lFE-006	116.14	3484
057_uXPdbHw7lFE-008	44.32	1330
057_uXPdbHw7lFE-009	43.92	1318
057_uXPdbHw7lFE-010	159.24	4777
057_uXPdbHw7lFE-011	33.98	1019
057_uXPdbHw7lFE-012	75.62	2269
057_uXPdbHw7lFE-013	6.04	181
057_uXPdbHw7lFE-014	31.0	930
057_uXPdbHw7lFE-015	49.68	1490
057_uXPdbHw7lFE-016	54.02	1621
057_uXPdbHw7lFE-017	144.98	4349
057_uXPdbHw7lFE-018	32.58	977
057_uXPdbHw7lFE-019	12.36	371
057_uXPdbHw7lFE-020	19.28	578
057_uXPdbHw7lFE-021	131.62	3949
057_uXPdbHw7lFE-022	17.9	537
057_uXPdbHw7lFE-023	14.4	432
057_uXPdbHw7lFE-024	69.18	2075
057_uXPdbHw7lFE-025	16.86	506
057_uXPdbHw7lFE-026	59.02	1771
057_uXPdbHw7lFE-027	60.56	1817
057_uXPdbHw7lFE-028	14.54	436
057_uXPdbHw7lFE-029	58.48	1754
057_uXPdbHw7lFE-033	29.5	885
057_uXPdbHw7lFE-034	57.92	1738
057_uXPdbHw7lFE-035	27.94	838
057_uXPdbHw7lFE-036	19.2	576
057_uXPdbHw7lFE-037	275.12	8254
057_uXPdbHw7lFE-038	25.6	768
057_uXPdbHw7lFE-039	107.54	3226
057_uXPdbHw7lFE-040	12.1	363
057_uXPdbHw7lFE-041	30.58	917
057_uXPdbHw7lFE-042	121.98	3659
057_uXPdbHw7lFE-043	43.94	1318
057_uXPdbHw7lFE-044	19.58	587
057_uXPdbHw7lFE-045	22.3	669
057_uXPdbHw7lFE-046	159.34	4780
057_uXPdbHw7lFE-047	11.52	346
058_XorDG-KWul4-001	95.4	2862
058_XorDG-KWul4-003	79.16	2375
058_XorDG-KWul4-004	39.1	1173
058_XorDG-KWul4-005	66.66	2000
058_XorDG-KWul4-006	75.3	2259
058_XorDG-KWul4-007	20.42	613
058_XorDG-KWul4-008	38.2	1146
058_XorDG-KWul4-009	42.8	1284
058_XorDG-KWul4-010	11.48	344
058_XorDG-KWul4-011	24.04	721
058_XorDG-KWul4-012	49.92	1498
058_XorDG-KWul4-014	38.4	1152
058_XorDG-KWul4-016	21.0	630
058_XorDG-KWul4-018	35.22	1057
058_XorDG-KWul4-019	63.06	1892
058_XorDG-KWul4-020	36.46	1094
058_XorDG-KWul4-022	13.78	413
058_XorDG-KWul4-023	8.06	242
058_XorDG-KWul4-024	12.72	382
058_XorDG-KWul4-025	45.16	1355
058_XorDG-KWul4-026	9.04	271
058_XorDG-KWul4-027	10.9	327
058_XorDG-KWul4-028	4.36	131
058_XorDG-KWul4-029	22.42	673
058_XorDG-KWul4-030	5.38	161
058_XorDG-KWul4-031	10.62	319
058_XorDG-KWul4-033	96.7	2901
058_XorDG-KWul4-034	10.62	319
058_XorDG-KWul4-035	20.92	628
058_XorDG-KWul4-036	57.0	1710
058_XorDG-KWul4-037	249.12	7474
058_XorDG-KWul4-038	16.84	505
058_XorDG-KWul4-039	8.86	266
058_XorDG-KWul4-040	156.24	4687
058_XorDG-KWul4-041	81.3	2439
059_uXfuvVmDp84-001	35.16	1055
059_uXfuvVmDp84-002	4.86	146
059_uXfuvVmDp84-003	5.22	157
059_uXfuvVmDp84-004	32.08	962
059_uXfuvVmDp84-005	14.6	438
059_uXfuvVmDp84-006	3.62	109
059_uXfuvVmDp84-007	14.74	442
059_uXfuvVmDp84-008	5.4	162
059_uXfuvVmDp84-009	23.92	718
059_uXfuvVmDp84-010	53.72	1612
059_uXfuvVmDp84-011	4.94	148
059_uXfuvVmDp84-012	13.0	390
059_uXfuvVmDp84-013	26.08	782
059_uXfuvVmDp84-014	20.14	604
059_uXfuvVmDp84-015	30.76	923
059_uXfuvVmDp84-016	4.68	140
059_uXfuvVmDp84-017	40.92	1228
059_uXfuvVmDp84-018	6.84	205
059_uXfuvVmDp84-019	5.44	163
059_uXfuvVmDp84-020	63.48	1904
059_uXfuvVmDp84-021	4.8	144
059_uXfuvVmDp84-022	23.68	710
059_uXfuvVmDp84-023	7.42	223
059_uXfuvVmDp84-024	13.64	409
059_uXfuvVmDp84-025	5.78	173
059_uXfuvVmDp84-026	21.62	649
059_uXfuvVmDp84-027	7.78	233
059_uXfuvVmDp84-028	44.2	1326
059_uXfuvVmDp84-029	7.92	238
059_uXfuvVmDp84-030	11.46	344
059_uXfuvVmDp84-031	21.48	644
059_uXfuvVmDp84-032	12.6	378
059_uXfuvVmDp84-033	44.16	1325
059_uXfuvVmDp84-034	8.24	247
059_uXfuvVmDp84-035	9.62	289
059_uXfuvVmDp84-036	104.18	3125
059_uXfuvVmDp84-037	31.72	952
059_uXfuvVmDp84-038	25.2	756
059_uXfuvVmDp84-039	9.6	288
059_uXfuvVmDp84-041	41.66	1250
059_uXfuvVmDp84-042	49.18	1475
059_uXfuvVmDp84-043	5.94	178
059_uXfuvVmDp84-045	35.14	1054
059_uXfuvVmDp84-046	10.76	323
059_uXfuvVmDp84-047	36.54	1096
059_uXfuvVmDp84-048	12.1	363
059_uXfuvVmDp84-050	4.64	139
059_uXfuvVmDp84-051	17.3	519
059_uXfuvVmDp84-052	4.76	143
059_uXfuvVmDp84-054	20.14	604
059_uXfuvVmDp84-055	22.24	667
059_uXfuvVmDp84-056	4.38	131
059_uXfuvVmDp84-057	7.64	229
059_uXfuvVmDp84-058	21.9	657
059_uXfuvVmDp84-059	6.28	188
059_uXfuvVmDp84-060	12.68	380
059_uXfuvVmDp84-061	4.74	142
059_uXfuvVmDp84-062	13.2	396
059_uXfuvVmDp84-063	16.78	503
059_uXfuvVmDp84-064	40.16	1205
059_uXfuvVmDp84-066	6.48	194
059_uXfuvVmDp84-068	29.7	891
059_uXfuvVmDp84-069	55.66	1670
059_uXfuvVmDp84-070	3.84	115
059_uXfuvVmDp84-071	65.76	1973
059_uXfuvVmDp84-072	16.06	482
059_uXfuvVmDp84-073	5.6	168
059_uXfuvVmDp84-074	45.6	1368
059_uXfuvVmDp84-075	62.42	1873
059_uXfuvVmDp84-076	30.52	916
059_uXfuvVmDp84-077	41.3	1239
059_uXfuvVmDp84-079	60.04	1801
059_uXfuvVmDp84-080	25.4	762
060_rdmIVHmJBNk-002	22.74	682
060_rdmIVHmJBNk-003	12.52	376
060_rdmIVHmJBNk-004	5.76	173
060_rdmIVHmJBNk-005	23.72	712
060_rdmIVHmJBNk-006	3.86	116
060_rdmIVHmJBNk-007	3.72	112
060_rdmIVHmJBNk-008	16.7	501
060_rdmIVHmJBNk-010	15.08	452
060_rdmIVHmJBNk-011	9.28	278
060_rdmIVHmJBNk-012	5.42	163
060_rdmIVHmJBNk-013	20.86	626
060_rdmIVHmJBNk-014	41.46	1244
060_rdmIVHmJBNk-015	10.16	305
060_rdmIVHmJBNk-016	63.46	1904
060_rdmIVHmJBNk-017	24.22	727
060_rdmIVHmJBNk-018	11.72	352
060_rdmIVHmJBNk-019	23.24	697
060_rdmIVHmJBNk-020	21.24	637
060_rdmIVHmJBNk-021	11.72	352
060_rdmIVHmJBNk-022	20.4	612
060_rdmIVHmJBNk-023	57.86	1736
060_rdmIVHmJBNk-024	35.14	1054
060_rdmIVHmJBNk-025	8.08	242
060_rdmIVHmJBNk-026	15.88	476
060_rdmIVHmJBNk-027	49.48	1484
060_rdmIVHmJBNk-029	10.06	302
060_rdmIVHmJBNk-030	39.3	1179
060_rdmIVHmJBNk-032	15.1	453
060_rdmIVHmJBNk-033	34.22	1027
060_rdmIVHmJBNk-034	10.58	317
060_rdmIVHmJBNk-035	13.54	406
060_rdmIVHmJBNk-036	28.0	840
060_rdmIVHmJBNk-037	5.14	154
060_rdmIVHmJBNk-038	13.02	391
060_rdmIVHmJBNk-039	9.74	292
060_rdmIVHmJBNk-040	8.58	257
060_rdmIVHmJBNk-041	35.26	1058
060_rdmIVHmJBNk-042	12.44	373
060_rdmIVHmJBNk-043	13.0	390
060_rdmIVHmJBNk-044	39.0	1170
060_rdmIVHmJBNk-045	6.52	196
060_rdmIVHmJBNk-046	53.7	1611
060_rdmIVHmJBNk-047	30.0	900
060_rdmIVHmJBNk-048	7.84	235
060_rdmIVHmJBNk-049	10.62	319
060_rdmIVHmJBNk-050	5.38	161
060_rdmIVHmJBNk-051	7.7	231
060_rdmIVHmJBNk-052	22.84	685
060_rdmIVHmJBNk-053	8.38	251
060_rdmIVHmJBNk-054	5.38	161
060_rdmIVHmJBNk-055	20.48	614
060_rdmIVHmJBNk-056	21.26	638
060_rdmIVHmJBNk-057	4.48	134
060_rdmIVHmJBNk-058	36.32	1090
060_rdmIVHmJBNk-059	4.26	128
060_rdmIVHmJBNk-060	14.68	440
060_rdmIVHmJBNk-061	8.08	242
060_rdmIVHmJBNk-062	5.1	153
060_rdmIVHmJBNk-063	26.8	804
060_rdmIVHmJBNk-064	29.74	892
060_rdmIVHmJBNk-065	9.36	281
060_rdmIVHmJBNk-066	11.94	358
060_rdmIVHmJBNk-067	4.5	135
060_rdmIVHmJBNk-068	5.92	178
060_rdmIVHmJBNk-069	23.54	706
060_rdmIVHmJBNk-070	10.08	302
060_rdmIVHmJBNk-071	10.08	302
060_rdmIVHmJBNk-072	18.52	556
060_rdmIVHmJBNk-073	31.68	950
060_rdmIVHmJBNk-074	23.5	705
060_rdmIVHmJBNk-075	38.26	1148
060_rdmIVHmJBNk-076	9.06	272
060_rdmIVHmJBNk-077	21.94	658
060_rdmIVHmJBNk-078	9.68	290
060_rdmIVHmJBNk-079	19.46	584
060_rdmIVHmJBNk-080	123.38	3701
060_rdmIVHmJBNk-081	37.22	1117
060_rdmIVHmJBNk-082	7.8	234
060_rdmIVHmJBNk-083	77.82	2335
060_rdmIVHmJBNk-084	31.8	954
060_rdmIVHmJBNk-085	24.64	739
060_rdmIVHmJBNk-086	9.2	276
060_rdmIVHmJBNk-087	27.36	821
060_rdmIVHmJBNk-088	4.22	127
060_rdmIVHmJBNk-089	10.14	304
060_rdmIVHmJBNk-091	18.42	553
060_rdmIVHmJBNk-092	9.8	294
060_rdmIVHmJBNk-093	5.94	178
060_rdmIVHmJBNk-094	71.74	2152
060_rdmIVHmJBNk-095	28.46	854
060_rdmIVHmJBNk-097	71.24	2137
060_rdmIVHmJBNk-098	100.02	3001
060_rdmIVHmJBNk-099	12.04	361
060_rdmIVHmJBNk-100	60.52	1816
060_rdmIVHmJBNk-101	13.12	394
060_rdmIVHmJBNk-102	40.34	1210
060_rdmIVHmJBNk-103	6.14	184
060_rdmIVHmJBNk-104	53.5	1605
060_rdmIVHmJBNk-105	16.78	503
060_rdmIVHmJBNk-106	11.5	345
060_rdmIVHmJBNk-107	9.32	280
060_rdmIVHmJBNk-108	158.18	4745
061_KUUKSPxrcmo-001	44.16	1325
061_KUUKSPxrcmo-002	17.26	518
061_KUUKSPxrcmo-003	13.28	398
061_KUUKSPxrcmo-004	31.04	931
061_KUUKSPxrcmo-005	12.98	389
061_KUUKSPxrcmo-006	6.54	196
061_KUUKSPxrcmo-007	5.02	151
061_KUUKSPxrcmo-009	12.64	379
061_KUUKSPxrcmo-010	25.26	758
061_KUUKSPxrcmo-011	41.06	1232
061_KUUKSPxrcmo-012	13.1	393
061_KUUKSPxrcmo-013	10.78	323
061_KUUKSPxrcmo-014	44.56	1337
061_KUUKSPxrcmo-015	24.86	746
061_KUUKSPxrcmo-016	22.14	664
061_KUUKSPxrcmo-017	18.22	547
061_KUUKSPxrcmo-018	16.78	503
061_KUUKSPxrcmo-019	6.86	206
061_KUUKSPxrcmo-020	8.24	247
061_KUUKSPxrcmo-021	10.18	305
061_KUUKSPxrcmo-022	10.24	307
061_KUUKSPxrcmo-023	12.98	389
061_KUUKSPxrcmo-024	16.44	493
061_KUUKSPxrcmo-025	44.02	1321
061_KUUKSPxrcmo-026	4.4	132
061_KUUKSPxrcmo-027	18.2	546
061_KUUKSPxrcmo-028	8.24	247
061_KUUKSPxrcmo-029	9.28	278
061_KUUKSPxrcmo-030	35.7	1071
061_KUUKSPxrcmo-031	6.2	186
061_KUUKSPxrcmo-032	19.2	576
061_KUUKSPxrcmo-033	7.62	229
061_KUUKSPxrcmo-034	9.4	282
061_KUUKSPxrcmo-035	19.2	576
061_KUUKSPxrcmo-036	4.72	142
061_KUUKSPxrcmo-037	20.66	620
061_KUUKSPxrcmo-038	11.44	343
061_KUUKSPxrcmo-039	5.68	170
061_KUUKSPxrcmo-040	15.22	457
061_KUUKSPxrcmo-041	7.2	216
061_KUUKSPxrcmo-042	9.68	290
061_KUUKSPxrcmo-043	14.02	421
061_KUUKSPxrcmo-044	12.96	389
061_KUUKSPxrcmo-045	4.82	145
061_KUUKSPxrcmo-046	6.12	184
061_KUUKSPxrcmo-047	29.12	874
061_KUUKSPxrcmo-048	16.04	481
061_KUUKSPxrcmo-049	11.16	335
061_KUUKSPxrcmo-050	6.36	191
061_KUUKSPxrcmo-051	20.04	601
061_KUUKSPxrcmo-052	28.2	846
061_KUUKSPxrcmo-053	6.58	197
061_KUUKSPxrcmo-054	42.98	1289
061_KUUKSPxrcmo-055	19.86	596
061_KUUKSPxrcmo-056	8.48	254
061_KUUKSPxrcmo-057	22.84	685
061_KUUKSPxrcmo-058	18.98	569
061_KUUKSPxrcmo-059	4.82	145
061_KUUKSPxrcmo-060	11.18	335
061_KUUKSPxrcmo-061	5.98	179
061_KUUKSPxrcmo-062	21.6	648
061_KUUKSPxrcmo-063	6.88	206
061_KUUKSPxrcmo-064	68.12	2044
061_KUUKSPxrcmo-065	15.32	460
061_KUUKSPxrcmo-066	9.82	295
061_KUUKSPxrcmo-067	6.88	206
061_KUUKSPxrcmo-068	9.92	298
061_KUUKSPxrcmo-069	5.6	168
061_KUUKSPxrcmo-070	9.58	287
061_KUUKSPxrcmo-071	15.4	462
061_KUUKSPxrcmo-072	4.48	134
061_KUUKSPxrcmo-073	30.62	919
061_KUUKSPxrcmo-074	38.04	1141
061_KUUKSPxrcmo-075	8.42	253
061_KUUKSPxrcmo-076	6.08	182
061_KUUKSPxrcmo-077	8.42	253
061_KUUKSPxrcmo-078	13.8	414
061_KUUKSPxrcmo-079	8.74	262
061_KUUKSPxrcmo-080	6.66	200
061_KUUKSPxrcmo-081	24.74	742
061_KUUKSPxrcmo-082	5.32	160
061_KUUKSPxrcmo-083	25.14	754
061_KUUKSPxrcmo-084	14.02	421
061_KUUKSPxrcmo-085	20.82	625
061_KUUKSPxrcmo-086	27.2	816
061_KUUKSPxrcmo-087	46.3	1389
061_KUUKSPxrcmo-088	12.02	361
061_KUUKSPxrcmo-089	103.1	3093
061_KUUKSPxrcmo-090	3.74	112
061_KUUKSPxrcmo-091	9.88	296
061_KUUKSPxrcmo-093	15.86	476
061_KUUKSPxrcmo-094	13.58	407
061_KUUKSPxrcmo-095	11.5	345
061_KUUKSPxrcmo-096	13.18	395
061_KUUKSPxrcmo-097	19.06	572
061_KUUKSPxrcmo-098	12.28	368
061_KUUKSPxrcmo-099	17.22	517
061_KUUKSPxrcmo-100	25.28	758
061_KUUKSPxrcmo-101	16.44	493
061_KUUKSPxrcmo-103	12.52	376
061_KUUKSPxrcmo-104	15.38	461
061_KUUKSPxrcmo-106	16.58	497
061_KUUKSPxrcmo-107	120.64	3619
062_zyphJsl8zbw-001	16.48	494
062_zyphJsl8zbw-002	12.3	369
062_zyphJsl8zbw-004	64.56	1937
062_zyphJsl8zbw-005	11.4	342
062_zyphJsl8zbw-006	18.22	547
062_zyphJsl8zbw-007	10.56	317
062_zyphJsl8zbw-008	10.76	323
062_zyphJsl8zbw-010	41.5	1245
062_zyphJsl8zbw-011	33.38	1001
062_zyphJsl8zbw-012	4.7	141
062_zyphJsl8zbw-014	20.96	629
062_zyphJsl8zbw-015	4.2	126
062_zyphJsl8zbw-016	54.28	1628
062_zyphJsl8zbw-017	5.08	152
062_zyphJsl8zbw-018	11.82	355
062_zyphJsl8zbw-019	8.18	245
062_zyphJsl8zbw-020	8.2	246
062_zyphJsl8zbw-021	8.48	254
062_zyphJsl8zbw-022	24.48	734
062_zyphJsl8zbw-023	7.5	225
062_zyphJsl8zbw-024	20.32	610
062_zyphJsl8zbw-026	37.44	1123
062_zyphJsl8zbw-027	7.46	224
062_zyphJsl8zbw-028	42.76	1283
062_zyphJsl8zbw-029	26.52	796
062_zyphJsl8zbw-030	5.02	151
062_zyphJsl8zbw-031	12.42	373
062_zyphJsl8zbw-032	4.34	130
062_zyphJsl8zbw-033	24.52	736
062_zyphJsl8zbw-034	31.38	941
062_zyphJsl8zbw-035	7.2	216
062_zyphJsl8zbw-036	21.04	631
062_zyphJsl8zbw-037	4.2	126
062_zyphJsl8zbw-039	26.3	789
062_zyphJsl8zbw-040	19.86	596
062_zyphJsl8zbw-041	80.1	2403
062_zyphJsl8zbw-042	72.06	2162
062_zyphJsl8zbw-043	9.0	270
062_zyphJsl8zbw-044	22.98	689
062_zyphJsl8zbw-046	8.22	247
062_zyphJsl8zbw-047	49.08	1472
062_zyphJsl8zbw-048	22.56	677
062_zyphJsl8zbw-049	30.02	901
062_zyphJsl8zbw-050	17.84	535
062_zyphJsl8zbw-051	28.34	850
062_zyphJsl8zbw-052	29.6	888
062_zyphJsl8zbw-053	28.02	841
062_zyphJsl8zbw-054	14.18	425
062_zyphJsl8zbw-055	25.6	768
062_zyphJsl8zbw-056	52.62	1579
062_zyphJsl8zbw-057	6.4	192
062_zyphJsl8zbw-058	29.14	874
062_zyphJsl8zbw-059	38.06	1142
062_zyphJsl8zbw-060	55.88	1676
062_zyphJsl8zbw-061	4.08	122
062_zyphJsl8zbw-062	6.42	193
062_zyphJsl8zbw-063	104.2	3126
062_zyphJsl8zbw-064	29.64	889
062_zyphJsl8zbw-065	3.86	116
062_zyphJsl8zbw-066	14.12	424
062_zyphJsl8zbw-068	9.5	285
062_zyphJsl8zbw-069	4.12	124
062_zyphJsl8zbw-070	11.56	347
062_zyphJsl8zbw-071	34.88	1046
062_zyphJsl8zbw-073	54.3	1629
062_zyphJsl8zbw-074	72.86	2186
063_PULIO7DvKoM-001	17.84	535
063_PULIO7DvKoM-002	19.6	588
063_PULIO7DvKoM-003	55.38	1661
063_PULIO7DvKoM-004	21.1	633
063_PULIO7DvKoM-005	13.28	398
063_PULIO7DvKoM-006	4.52	136
063_PULIO7DvKoM-007	4.08	122
063_PULIO7DvKoM-008	7.88	236
063_PULIO7DvKoM-009	14.9	447
063_PULIO7DvKoM-010	31.88	956
063_PULIO7DvKoM-011	9.64	289
063_PULIO7DvKoM-012	23.78	713
063_PULIO7DvKoM-013	4.04	121
063_PULIO7DvKoM-014	24.96	749
063_PULIO7DvKoM-015	9.22	277
063_PULIO7DvKoM-016	36.82	1105
063_PULIO7DvKoM-017	29.32	880
063_PULIO7DvKoM-018	16.1	483
063_PULIO7DvKoM-019	21.6	648
063_PULIO7DvKoM-020	6.32	190
063_PULIO7DvKoM-021	9.56	287
063_PULIO7DvKoM-022	24.92	748
063_PULIO7DvKoM-023	12.5	375
063_PULIO7DvKoM-024	23.52	706
063_PULIO7DvKoM-025	10.7	321
063_PULIO7DvKoM-026	8.0	240
063_PULIO7DvKoM-028	6.4	192
063_PULIO7DvKoM-029	27.44	823
063_PULIO7DvKoM-030	34.68	1040
063_PULIO7DvKoM-031	93.5	2805
063_PULIO7DvKoM-032	8.78	263
063_PULIO7DvKoM-033	23.16	695
063_PULIO7DvKoM-034	8.34	250
063_PULIO7DvKoM-035	15.92	478
063_PULIO7DvKoM-036	23.54	706
063_PULIO7DvKoM-037	6.86	206
063_PULIO7DvKoM-038	18.76	563
063_PULIO7DvKoM-039	17.42	523
063_PULIO7DvKoM-040	82.88	2486
063_PULIO7DvKoM-041	31.42	943
063_PULIO7DvKoM-042	19.72	592
063_PULIO7DvKoM-043	9.12	274
063_PULIO7DvKoM-044	8.18	245
063_PULIO7DvKoM-045	25.56	767
063_PULIO7DvKoM-046	96.74	2902
063_PULIO7DvKoM-047	7.06	212
063_PULIO7DvKoM-048	5.86	176
063_PULIO7DvKoM-053	7.52	226
063_PULIO7DvKoM-054	19.2	576
063_PULIO7DvKoM-055	45.74	1372
063_PULIO7DvKoM-056	8.02	241
063_PULIO7DvKoM-057	36.94	1108
063_PULIO7DvKoM-058	20.04	601
063_PULIO7DvKoM-059	112.9	3387
063_PULIO7DvKoM-060	7.16	215
063_PULIO7DvKoM-061	24.38	731
063_PULIO7DvKoM-062	48.24	1447
063_PULIO7DvKoM-063	69.46	2084
063_PULIO7DvKoM-064	36.78	1103
063_PULIO7DvKoM-065	30.9	927
063_PULIO7DvKoM-066	9.86	296
063_PULIO7DvKoM-067	11.46	344
063_PULIO7DvKoM-068	4.42	133
063_PULIO7DvKoM-069	55.6	1668
063_PULIO7DvKoM-070	159.48	4784
064_KpIBNIPslZ8-002	7.24	217
064_KpIBNIPslZ8-004	32.46	974
064_KpIBNIPslZ8-005	17.36	521
064_KpIBNIPslZ8-006	15.58	467
064_KpIBNIPslZ8-008	17.18	515
064_KpIBNIPslZ8-009	3.8	114
064_KpIBNIPslZ8-010	8.42	253
064_KpIBNIPslZ8-011	7.84	235
064_KpIBNIPslZ8-014	20.2	606
064_KpIBNIPslZ8-015	39.62	1189
064_KpIBNIPslZ8-016	16.44	493
064_KpIBNIPslZ8-017	10.06	302
064_KpIBNIPslZ8-018	14.26	428
064_KpIBNIPslZ8-019	4.72	142
064_KpIBNIPslZ8-020	47.08	1412
064_KpIBNIPslZ8-021	30.72	922
064_KpIBNIPslZ8-022	10.28	308
064_KpIBNIPslZ8-023	10.76	323
064_KpIBNIPslZ8-024	42.6	1278
064_KpIBNIPslZ8-025	5.84	175
064_KpIBNIPslZ8-026	51.66	1550
064_KpIBNIPslZ8-027	3.94	118
064_KpIBNIPslZ8-028	9.8	294
064_KpIBNIPslZ8-029	13.18	395
064_KpIBNIPslZ8-030	27.76	833
064_KpIBNIPslZ8-031	16.68	500
064_KpIBNIPslZ8-032	16.62	499
064_KpIBNIPslZ8-033	5.84	175
064_KpIBNIPslZ8-034	22.98	689
064_KpIBNIPslZ8-035	21.7	651
064_KpIBNIPslZ8-036	5.92	178
064_KpIBNIPslZ8-037	3.66	110
064_KpIBNIPslZ8-038	13.54	406
064_KpIBNIPslZ8-039	44.46	1334
064_KpIBNIPslZ8-040	8.02	241
064_KpIBNIPslZ8-041	16.38	491
064_KpIBNIPslZ8-042	38.7	1161
064_KpIBNIPslZ8-043	6.58	197
064_KpIBNIPslZ8-044	18.04	541
064_KpIBNIPslZ8-045	22.42	673
064_KpIBNIPslZ8-046	37.12	1114
064_KpIBNIPslZ8-047	3.6	108
064_KpIBNIPslZ8-048	80.16	2405
064_KpIBNIPslZ8-049	26.98	809
064_KpIBNIPslZ8-050	5.62	169
064_KpIBNIPslZ8-051	7.16	215
064_KpIBNIPslZ8-052	44.32	1330
064_KpIBNIPslZ8-053	8.08	242
064_KpIBNIPslZ8-054	4.96	149
064_KpIBNIPslZ8-055	48.22	1447
064_KpIBNIPslZ8-056	30.7	921
064_KpIBNIPslZ8-057	17.84	535
064_KpIBNIPslZ8-058	25.04	751
064_KpIBNIPslZ8-059	53.6	1608
064_KpIBNIPslZ8-060	33.4	1002
064_KpIBNIPslZ8-061	37.42	1123
064_KpIBNIPslZ8-062	35.02	1051
064_KpIBNIPslZ8-063	21.22	637
064_KpIBNIPslZ8-064	36.72	1102
064_KpIBNIPslZ8-065	10.46	314
064_KpIBNIPslZ8-066	98.8	2964
064_KpIBNIPslZ8-067	21.58	647
064_KpIBNIPslZ8-068	23.46	704
064_KpIBNIPslZ8-070	14.9	447
065_NKDaIPtaqxs-001	32.06	962
065_NKDaIPtaqxs-002	17.14	514
065_NKDaIPtaqxs-003	5.0	150
065_NKDaIPtaqxs-004	12.28	368
065_NKDaIPtaqxs-005	15.16	455
065_NKDaIPtaqxs-006	21.44	643
065_NKDaIPtaqxs-007	19.1	573
065_NKDaIPtaqxs-008	5.9	177
065_NKDaIPtaqxs-009	22.62	679
065_NKDaIPtaqxs-010	28.48	854
065_NKDaIPtaqxs-011	25.02	751
065_NKDaIPtaqxs-013	61.1	1833
065_NKDaIPtaqxs-014	21.86	656
065_NKDaIPtaqxs-015	9.74	292
065_NKDaIPtaqxs-016	48.22	1447
065_NKDaIPtaqxs-018	11.84	355
065_NKDaIPtaqxs-019	4.6	138
065_NKDaIPtaqxs-020	12.06	362
065_NKDaIPtaqxs-021	3.72	112
065_NKDaIPtaqxs-022	13.06	392
065_NKDaIPtaqxs-023	18.34	550
065_NKDaIPtaqxs-024	41.38	1241
065_NKDaIPtaqxs-025	69.76	2093
065_NKDaIPtaqxs-026	6.12	184
065_NKDaIPtaqxs-028	12.9	387
065_NKDaIPtaqxs-029	13.5	405
065_NKDaIPtaqxs-030	5.6	168
065_NKDaIPtaqxs-031	5.42	163
065_NKDaIPtaqxs-032	20.02	601
065_NKDaIPtaqxs-033	33.28	998
065_NKDaIPtaqxs-034	16.64	499
065_NKDaIPtaqxs-035	57.56	1727
065_NKDaIPtaqxs-036	6.88	206
065_NKDaIPtaqxs-037	5.86	176
065_NKDaIPtaqxs-038	37.22	1117
065_NKDaIPtaqxs-039	5.14	154
065_NKDaIPtaqxs-040	31.88	956
065_NKDaIPtaqxs-041	10.3	309
065_NKDaIPtaqxs-042	20.42	613
065_NKDaIPtaqxs-043	53.46	1604
065_NKDaIPtaqxs-044	5.42	163
065_NKDaIPtaqxs-045	5.52	166
065_NKDaIPtaqxs-046	28.5	855
065_NKDaIPtaqxs-047	9.32	280
065_NKDaIPtaqxs-048	6.32	190
065_NKDaIPtaqxs-049	95.76	2873
065_NKDaIPtaqxs-050	25.04	751
065_NKDaIPtaqxs-052	132.66	3980
065_NKDaIPtaqxs-054	10.48	314
065_NKDaIPtaqxs-055	9.86	296
065_NKDaIPtaqxs-056	19.38	581
065_NKDaIPtaqxs-057	14.1	423
065_NKDaIPtaqxs-058	32.2	966
065_NKDaIPtaqxs-060	29.0	870
065_NKDaIPtaqxs-061	8.68	260
065_NKDaIPtaqxs-062	32.18	965
065_NKDaIPtaqxs-063	8.36	251
065_NKDaIPtaqxs-064	42.2	1266
065_NKDaIPtaqxs-065	23.64	709
065_NKDaIPtaqxs-066	128.8	3864
065_NKDaIPtaqxs-067	35.66	1070
065_NKDaIPtaqxs-068	14.52	436
066_HNldv_0rNys-001	9.02	271
066_HNldv_0rNys-002	9.32	280
066_HNldv_0rNys-003	19.98	599
066_HNldv_0rNys-004	9.04	271
066_HNldv_0rNys-005	10.8	324
066_HNldv_0rNys-006	19.1	573
066_HNldv_0rNys-008	28.84	865
066_HNldv_0rNys-010	9.28	278
066_HNldv_0rNys-011	19.8	594
066_HNldv_0rNys-012	5.3	159
066_HNldv_0rNys-013	4.42	133
066_HNldv_0rNys-014	35.46	1064
066_HNldv_0rNys-015	8.78	263
066_HNldv_0rNys-017	8.84	265
066_HNldv_0rNys-019	5.06	152
066_HNldv_0rNys-020	13.42	403
066_HNldv_0rNys-021	13.8	414
066_HNldv_0rNys-022	5.28	158
066_HNldv_0rNys-023	36.06	1082
066_HNldv_0rNys-025	6.46	194
066_HNldv_0rNys-026	12.58	377
066_HNldv_0rNys-027	30.2	906
066_HNldv_0rNys-028	10.8	324
066_HNldv_0rNys-029	8.26	248
066_HNldv_0rNys-030	36.42	1093
066_HNldv_0rNys-031	10.76	323
066_HNldv_0rNys-032	12.72	382
066_HNldv_0rNys-033	47.48	1424
066_HNldv_0rNys-034	46.98	1409
066_HNldv_0rNys-035	21.92	658
066_HNldv_0rNys-036	22.24	667
066_HNldv_0rNys-037	8.58	257
066_HNldv_0rNys-038	8.48	254
066_HNldv_0rNys-039	11.72	352
066_HNldv_0rNys-040	7.56	227
066_HNldv_0rNys-041	15.92	478
066_HNldv_0rNys-042	5.84	175
066_HNldv_0rNys-043	9.5	285
066_HNldv_0rNys-044	21.84	655
066_HNldv_0rNys-045	4.02	121
066_HNldv_0rNys-046	36.18	1085
066_HNldv_0rNys-047	72.98	2189
066_HNldv_0rNys-048	21.52	646
066_HNldv_0rNys-049	39.28	1178
066_HNldv_0rNys-050	74.48	2234
066_HNldv_0rNys-051	9.88	296
066_HNldv_0rNys-053	35.82	1075
066_HNldv_0rNys-054	30.8	924
066_HNldv_0rNys-055	17.84	535
066_HNldv_0rNys-056	14.5	435
066_HNldv_0rNys-057	22.3	669
066_HNldv_0rNys-058	7.34	220
066_HNldv_0rNys-059	57.44	1723
066_HNldv_0rNys-060	9.72	292
066_HNldv_0rNys-061	19.3	579
066_HNldv_0rNys-062	9.52	286
066_HNldv_0rNys-063	6.28	188
066_HNldv_0rNys-064	4.96	149
066_HNldv_0rNys-065	6.34	190
066_HNldv_0rNys-066	7.14	214
066_HNldv_0rNys-067	4.58	137
066_HNldv_0rNys-068	95.12	2854
066_HNldv_0rNys-070	59.0	1770
066_HNldv_0rNys-071	39.24	1177
066_HNldv_0rNys-073	12.74	382
066_HNldv_0rNys-074	14.78	443
066_HNldv_0rNys-075	57.72	1732
066_HNldv_0rNys-076	8.7	261
066_HNldv_0rNys-078	48.58	1457
066_HNldv_0rNys-079	10.2	306
066_HNldv_0rNys-080	9.7	291
066_HNldv_0rNys-081	3.94	118
066_HNldv_0rNys-082	4.36	131
066_HNldv_0rNys-083	172.04	5161
066_HNldv_0rNys-085	5.86	176
066_HNldv_0rNys-086	14.32	430
066_HNldv_0rNys-087	12.18	365
066_HNldv_0rNys-090	20.76	623
066_HNldv_0rNys-091	6.72	202
066_HNldv_0rNys-092	9.7	291
066_HNldv_0rNys-093	6.02	181
066_HNldv_0rNys-094	5.28	158
066_HNldv_0rNys-095	139.94	4198
067__ynz3ryt24c-002	25.72	772
067__ynz3ryt24c-003	42.08	1262
067__ynz3ryt24c-004	8.9	267
067__ynz3ryt24c-005	10.68	320
067__ynz3ryt24c-006	15.2	456
067__ynz3ryt24c-007	13.12	394
067__ynz3ryt24c-008	17.38	521
067__ynz3ryt24c-009	42.3	1269
067__ynz3ryt24c-010	6.44	193
067__ynz3ryt24c-011	7.78	233
067__ynz3ryt24c-012	20.22	607
067__ynz3ryt24c-013	6.52	196
067__ynz3ryt24c-014	32.18	965
067__ynz3ryt24c-015	17.28	518
067__ynz3ryt24c-016	11.24	337
067__ynz3ryt24c-017	24.04	721
067__ynz3ryt24c-018	21.74	652
067__ynz3ryt24c-019	17.84	535
067__ynz3ryt24c-020	4.56	137
067__ynz3ryt24c-021	5.2	156
067__ynz3ryt24c-022	3.9	117
067__ynz3ryt24c-024	37.6	1128
067__ynz3ryt24c-025	13.16	395
067__ynz3ryt24c-026	8.28	248
067__ynz3ryt24c-027	14.58	437
067__ynz3ryt24c-028	11.5	345
067__ynz3ryt24c-029	34.28	1028
067__ynz3ryt24c-030	5.58	167
067__ynz3ryt24c-031	14.68	440
067__ynz3ryt24c-032	25.14	754
067__ynz3ryt24c-033	44.94	1348
067__ynz3ryt24c-034	35.8	1074
067__ynz3ryt24c-035	8.92	268
067__ynz3ryt24c-036	8.94	268
067__ynz3ryt24c-037	56.66	1700
067__ynz3ryt24c-038	3.6	108
067__ynz3ryt24c-039	41.04	1231
067__ynz3ryt24c-040	15.3	459
067__ynz3ryt24c-041	36.28	1088
067__ynz3ryt24c-042	8.22	247
067__ynz3ryt24c-043	15.02	451
067__ynz3ryt24c-044	14.08	422
067__ynz3ryt24c-045	38.64	1159
067__ynz3ryt24c-046	21.68	650
067__ynz3ryt24c-047	5.34	160
067__ynz3ryt24c-048	63.76	1913
067__ynz3ryt24c-049	11.0	330
067__ynz3ryt24c-050	37.36	1121
067__ynz3ryt24c-051	41.04	1231
067__ynz3ryt24c-052	22.82	685
067__ynz3ryt24c-053	6.34	190
067__ynz3ryt24c-054	28.5	855
067__ynz3ryt24c-055	5.32	160
067__ynz3ryt24c-056	111.06	3332
067__ynz3ryt24c-057	5.62	169
067__ynz3ryt24c-058	29.74	892
067__ynz3ryt24c-059	8.28	248
067__ynz3ryt24c-060	13.74	412
067__ynz3ryt24c-061	5.14	154
067__ynz3ryt24c-062	5.54	166
067__ynz3ryt24c-063	6.04	181
067__ynz3ryt24c-064	7.24	217
067__ynz3ryt24c-066	69.2	2076
067__ynz3ryt24c-067	33.86	1016
067__ynz3ryt24c-068	9.94	298
067__ynz3ryt24c-069	5.04	151
067__ynz3ryt24c-070	36.8	1104
067__ynz3ryt24c-071	5.66	170
067__ynz3ryt24c-072	81.56	2447
068_kOUxopOvitE-001	8.7	261
068_kOUxopOvitE-004	3.98	119
068_kOUxopOvitE-005	9.64	289
068_kOUxopOvitE-006	4.18	125
068_kOUxopOvitE-007	13.28	398
068_kOUxopOvitE-008	61.92	1858
068_kOUxopOvitE-010	19.66	590
068_kOUxopOvitE-011	61.58	1847
068_kOUxopOvitE-012	25.58	767
068_kOUxopOvitE-013	37.16	1115
068_kOUxopOvitE-016	82.04	2461
068_kOUxopOvitE-019	15.54	466
068_kOUxopOvitE-020	21.82	655
068_kOUxopOvitE-021	18.86	566
068_kOUxopOvitE-022	14.92	448
068_kOUxopOvitE-023	20.02	601
068_kOUxopOvitE-024	15.82	475
068_kOUxopOvitE-025	21.76	653
068_kOUxopOvitE-026	7.72	232
068_kOUxopOvitE-027	33.54	1006
068_kOUxopOvitE-028	15.66	470
068_kOUxopOvitE-029	5.7	171
068_kOUxopOvitE-030	8.86	266
068_kOUxopOvitE-031	5.44	163
068_kOUxopOvitE-032	22.88	686
068_kOUxopOvitE-033	26.64	799
068_kOUxopOvitE-034	19.34	580
068_kOUxopOvitE-035	11.34	340
068_kOUxopOvitE-036	6.44	193
068_kOUxopOvitE-037	69.08	2072
068_kOUxopOvitE-038	107.06	3212
068_kOUxopOvitE-039	20.42	613
068_kOUxopOvitE-040	6.64	199
068_kOUxopOvitE-041	7.92	238
068_kOUxopOvitE-042	30.82	925
068_kOUxopOvitE-043	28.48	854
068_kOUxopOvitE-044	12.86	386
068_kOUxopOvitE-046	26.34	790
068_kOUxopOvitE-047	6.52	196
068_kOUxopOvitE-048	38.02	1141
068_kOUxopOvitE-049	45.4	1362
068_kOUxopOvitE-050	8.66	260
068_kOUxopOvitE-051	9.66	290
068_kOUxopOvitE-052	13.34	400
068_kOUxopOvitE-054	6.52	196
068_kOUxopOvitE-055	4.3	129
068_kOUxopOvitE-056	29.78	893
068_kOUxopOvitE-057	8.92	268
068_kOUxopOvitE-058	8.24	247
068_kOUxopOvitE-059	14.48	434
068_kOUxopOvitE-060	102.94	3088
068_kOUxopOvitE-061	3.74	112
068_kOUxopOvitE-062	13.1	393
068_kOUxopOvitE-063	61.5	1845
069_PVApYtD3WQc-001	3.8	114
069_PVApYtD3WQc-003	6.68	200
069_PVApYtD3WQc-004	9.18	275
069_PVApYtD3WQc-005	28.44	853
069_PVApYtD3WQc-006	21.1	633
069_PVApYtD3WQc-007	4.08	122
069_PVApYtD3WQc-008	3.94	118
069_PVApYtD3WQc-009	11.92	358
069_PVApYtD3WQc-010	10.08	302
069_PVApYtD3WQc-012	6.5	195
069_PVApYtD3WQc-013	11.92	358
069_PVApYtD3WQc-015	9.78	293
069_PVApYtD3WQc-016	8.22	247
069_PVApYtD3WQc-017	7.92	238
069_PVApYtD3WQc-018	16.78	503
069_PVApYtD3WQc-019	20.9	627
069_PVApYtD3WQc-020	56.34	1690
069_PVApYtD3WQc-021	70.2	2106
069_PVApYtD3WQc-023	29.36	881
069_PVApYtD3WQc-024	13.66	410
069_PVApYtD3WQc-025	13.46	404
069_PVApYtD3WQc-026	39.6	1188
069_PVApYtD3WQc-027	49.66	1490
069_PVApYtD3WQc-028	8.64	259
069_PVApYtD3WQc-029	7.14	214
069_PVApYtD3WQc-030	8.4	252
069_PVApYtD3WQc-031	18.88	566
069_PVApYtD3WQc-032	15.62	469
069_PVApYtD3WQc-033	4.36	131
069_PVApYtD3WQc-034	11.02	331
069_PVApYtD3WQc-035	13.08	392
069_PVApYtD3WQc-036	63.16	1895
069_PVApYtD3WQc-037	32.2	966
069_PVApYtD3WQc-038	15.52	466
069_PVApYtD3WQc-039	21.34	640
069_PVApYtD3WQc-040	7.56	227
069_PVApYtD3WQc-041	5.7	171
069_PVApYtD3WQc-042	58.14	1744
069_PVApYtD3WQc-043	12.34	370
069_PVApYtD3WQc-044	4.9	147
069_PVApYtD3WQc-045	6.54	196
069_PVApYtD3WQc-046	11.8	354
069_PVApYtD3WQc-047	9.8	294
069_PVApYtD3WQc-048	19.4	582
069_PVApYtD3WQc-049	19.28	578
069_PVApYtD3WQc-050	24.24	727
069_PVApYtD3WQc-051	10.28	308
069_PVApYtD3WQc-052	75.9	2277
069_PVApYtD3WQc-054	31.28	938
069_PVApYtD3WQc-055	40.94	1228
069_PVApYtD3WQc-056	61.66	1850
069_PVApYtD3WQc-057	5.02	151
069_PVApYtD3WQc-058	7.04	211
069_PVApYtD3WQc-060	7.94	238
069_PVApYtD3WQc-061	9.22	277
069_PVApYtD3WQc-062	4.46	134
069_PVApYtD3WQc-063	41.66	1250
069_PVApYtD3WQc-064	47.0	1410
069_PVApYtD3WQc-066	65.64	1969
070_5WLjNHT4qA0-001	30.14	904
070_5WLjNHT4qA0-002	38.2	1146
070_5WLjNHT4qA0-003	17.84	535
070_5WLjNHT4qA0-004	8.98	269
070_5WLjNHT4qA0-005	29.42	883
070_5WLjNHT4qA0-006	25.7	771
070_5WLjNHT4qA0-007	31.82	955
070_5WLjNHT4qA0-008	48.14	1444
070_5WLjNHT4qA0-009	43.06	1292
070_5WLjNHT4qA0-010	50.32	1510
070_5WLjNHT4qA0-011	29.66	890
070_5WLjNHT4qA0-012	49.2	1476
070_5WLjNHT4qA0-013	15.22	457
070_5WLjNHT4qA0-014	50.98	1529
070_5WLjNHT4qA0-015	21.44	643
070_5WLjNHT4qA0-016	13.96	419
070_5WLjNHT4qA0-017	105.22	3157
070_5WLjNHT4qA0-018	39.0	1170
070_5WLjNHT4qA0-020	38.78	1163
070_5WLjNHT4qA0-021	7.48	224
070_5WLjNHT4qA0-022	83.02	2491
070_5WLjNHT4qA0-023	26.02	781
070_5WLjNHT4qA0-024	23.02	691
070_5WLjNHT4qA0-025	16.38	491
070_5WLjNHT4qA0-026	4.52	136
070_5WLjNHT4qA0-027	14.46	434
070_5WLjNHT4qA0-028	129.22	3877
070_5WLjNHT4qA0-030	5.64	169
070_5WLjNHT4qA0-031	24.16	725
070_5WLjNHT4qA0-032	42.88	1286
070_5WLjNHT4qA0-033	7.58	227
070_5WLjNHT4qA0-034	23.0	690
070_5WLjNHT4qA0-035	122.12	3664
070_5WLjNHT4qA0-036	5.34	160
070_5WLjNHT4qA0-037	10.56	317
070_5WLjNHT4qA0-038	30.1	903
070_5WLjNHT4qA0-039	92.06	2762
070_5WLjNHT4qA0-040	31.06	932
070_5WLjNHT4qA0-041	34.42	1033
070_5WLjNHT4qA0-042	76.06	2282
071_IQq2Dhi5s-8-001	45.96	1379
071_IQq2Dhi5s-8-002	46.36	1391
071_IQq2Dhi5s-8-003	16.82	505
071_IQq2Dhi5s-8-004	52.54	1576
071_IQq2Dhi5s-8-005	17.12	514
071_IQq2Dhi5s-8-006	64.74	1942
071_IQq2Dhi5s-8-007	9.74	292
071_IQq2Dhi5s-8-008	51.0	1530
071_IQq2Dhi5s-8-009	13.1	393
071_IQq2Dhi5s-8-010	17.84	535
071_IQq2Dhi5s-8-011	6.1	183
071_IQq2Dhi5s-8-012	9.46	284
071_IQq2Dhi5s-8-013	17.3	519
071_IQq2Dhi5s-8-014	13.58	407
071_IQq2Dhi5s-8-015	5.2	156
071_IQq2Dhi5s-8-016	7.96	239
071_IQq2Dhi5s-8-017	46.06	1382
071_IQq2Dhi5s-8-018	22.88	686
071_IQq2Dhi5s-8-019	89.68	2690
071_IQq2Dhi5s-8-020	33.16	995
071_IQq2Dhi5s-8-021	6.96	209
071_IQq2Dhi5s-8-022	18.22	547
071_IQq2Dhi5s-8-023	6.5	195
071_IQq2Dhi5s-8-024	12.44	373
071_IQq2Dhi5s-8-025	4.36	131
071_IQq2Dhi5s-8-026	136.52	4096
071_IQq2Dhi5s-8-027	39.14	1174
071_IQq2Dhi5s-8-028	24.16	725
071_IQq2Dhi5s-8-030	62.8	1884
071_IQq2Dhi5s-8-031	7.74	232
071_IQq2Dhi5s-8-032	12.04	361
071_IQq2Dhi5s-8-033	41.56	1247
071_IQq2Dhi5s-8-034	63.7	1911
071_IQq2Dhi5s-8-035	38.64	1159
071_IQq2Dhi5s-8-036	8.14	244
071_IQq2Dhi5s-8-037	26.0	780
071_IQq2Dhi5s-8-038	6.38	191
071_IQq2Dhi5s-8-039	12.4	372
071_IQq2Dhi5s-8-040	4.34	130
071_IQq2Dhi5s-8-041	35.18	1055
071_IQq2Dhi5s-8-042	17.62	529
071_IQq2Dhi5s-8-043	7.18	215
071_IQq2Dhi5s-8-044	84.6	2538
071_IQq2Dhi5s-8-045	5.18	155
071_IQq2Dhi5s-8-046	23.96	719
071_IQq2Dhi5s-8-047	251.98	7559
071_IQq2Dhi5s-8-049	196.96	5909
071_IQq2Dhi5s-8-050	26.68	800
071_IQq2Dhi5s-8-051	4.18	125
071_IQq2Dhi5s-8-053	5.4	162
071_IQq2Dhi5s-8-054	173.34	5200
071_IQq2Dhi5s-8-055	16.0	480
071_IQq2Dhi5s-8-056	149.88	4496
072_g3eORub_imI-020	14.5	435
072_g3eORub_imI-021	4.6	138
072_g3eORub_imI-022	23.56	707
072_g3eORub_imI-023	14.78	443
072_g3eORub_imI-024	15.66	470
072_g3eORub_imI-025	19.72	592
072_g3eORub_imI-026	35.32	1060
072_g3eORub_imI-027	11.44	343
072_g3eORub_imI-028	23.62	709
072_g3eORub_imI-029	34.52	1036
072_g3eORub_imI-031	4.12	124
072_g3eORub_imI-032	4.74	142
072_g3eORub_imI-033	9.9	297
072_g3eORub_imI-034	14.56	437
072_g3eORub_imI-035	8.72	262
072_g3eORub_imI-036	8.68	260
072_g3eORub_imI-037	5.7	171
072_g3eORub_imI-038	17.34	520
072_g3eORub_imI-039	4.88	146
072_g3eORub_imI-040	12.44	373
072_g3eORub_imI-041	7.7	231
072_g3eORub_imI-042	10.22	307
072_g3eORub_imI-043	31.04	931
072_g3eORub_imI-044	39.14	1174
072_g3eORub_imI-045	27.6	828
072_g3eORub_imI-046	5.32	160
072_g3eORub_imI-047	3.74	112
072_g3eORub_imI-048	17.42	523
072_g3eORub_imI-049	15.98	479
072_g3eORub_imI-050	40.86	1226
072_g3eORub_imI-051	106.42	3193
072_g3eORub_imI-052	41.6	1248
072_g3eORub_imI-053	54.8	1644
072_g3eORub_imI-054	16.34	490
072_g3eORub_imI-055	14.18	425
072_g3eORub_imI-056	24.06	722
072_g3eORub_imI-057	22.24	667
072_g3eORub_imI-058	12.56	377
072_g3eORub_imI-060	13.76	413
072_g3eORub_imI-061	3.7	111
072_g3eORub_imI-062	10.36	311
072_g3eORub_imI-063	15.36	461
072_g3eORub_imI-064	8.1	243
072_g3eORub_imI-065	62.0	1860
072_g3eORub_imI-066	19.08	572
072_g3eORub_imI-067	5.92	178
072_g3eORub_imI-068	15.92	478
072_g3eORub_imI-069	8.46	254
072_g3eORub_imI-070	11.06	332
072_g3eORub_imI-071	5.32	160
072_g3eORub_imI-072	20.92	628
072_g3eORub_imI-073	17.02	511
072_g3eORub_imI-074	3.94	118
072_g3eORub_imI-075	27.28	818
072_g3eORub_imI-076	8.38	251
072_g3eORub_imI-077	15.52	466
072_g3eORub_imI-078	56.78	1703
072_g3eORub_imI-079	22.96	689
072_g3eORub_imI-081	8.8	264
072_g3eORub_imI-082	20.1	603
072_g3eORub_imI-083	11.44	343
072_g3eORub_imI-084	47.92	1438
072_g3eORub_imI-086	20.98	629
072_g3eORub_imI-087	12.46	374
072_g3eORub_imI-088	16.24	487
072_g3eORub_imI-089	54.86	1646
072_g3eORub_imI-090	10.68	320
072_g3eORub_imI-091	16.36	491
072_g3eORub_imI-092	5.08	152
072_g3eORub_imI-093	5.44	163
072_g3eORub_imI-094	34.06	1022
072_g3eORub_imI-095	64.0	1920
072_g3eORub_imI-096	33.46	1004
072_g3eORub_imI-097	4.08	122
072_g3eORub_imI-098	45.16	1355
072_g3eORub_imI-099	8.98	269
073_UCJFHeqfvfA-017	27.72	832
073_UCJFHeqfvfA-018	29.62	889
073_UCJFHeqfvfA-019	24.32	730
073_UCJFHeqfvfA-020	4.02	121
073_UCJFHeqfvfA-021	10.14	304
073_UCJFHeqfvfA-022	18.3	549
073_UCJFHeqfvfA-023	8.48	254
073_UCJFHeqfvfA-025	21.68	650
073_UCJFHeqfvfA-026	11.44	343
073_UCJFHeqfvfA-027	8.84	265
073_UCJFHeqfvfA-028	17.0	510
073_UCJFHeqfvfA-029	40.72	1222
073_UCJFHeqfvfA-030	14.88	446
073_UCJFHeqfvfA-031	18.78	563
073_UCJFHeqfvfA-032	5.78	173
073_UCJFHeqfvfA-033	29.26	878
073_UCJFHeqfvfA-034	13.7	411
073_UCJFHeqfvfA-035	13.96	419
073_UCJFHeqfvfA-036	13.92	418
073_UCJFHeqfvfA-037	23.04	691
073_UCJFHeqfvfA-038	24.0	720
073_UCJFHeqfvfA-039	13.1	393
073_UCJFHeqfvfA-040	24.72	742
073_UCJFHeqfvfA-042	29.24	877
073_UCJFHeqfvfA-043	10.28	308
073_UCJFHeqfvfA-044	32.7	981
073_UCJFHeqfvfA-045	3.92	118
073_UCJFHeqfvfA-047	30.8	924
073_UCJFHeqfvfA-048	8.58	257
073_UCJFHeqfvfA-051	45.68	1370
073_UCJFHeqfvfA-053	6.3	189
073_UCJFHeqfvfA-054	43.64	1309
073_UCJFHeqfvfA-055	10.9	327
073_UCJFHeqfvfA-056	13.24	397
073_UCJFHeqfvfA-057	12.18	365
073_UCJFHeqfvfA-059	81.08	2432
073_UCJFHeqfvfA-060	34.8	1044
073_UCJFHeqfvfA-061	12.4	372
073_UCJFHeqfvfA-062	68.0	2040
073_UCJFHeqfvfA-063	43.7	1311
073_UCJFHeqfvfA-064	5.54	166
073_UCJFHeqfvfA-065	22.68	680
073_UCJFHeqfvfA-066	33.88	1016
073_UCJFHeqfvfA-068	11.36	341
073_UCJFHeqfvfA-069	44.2	1326
073_UCJFHeqfvfA-070	18.34	550
073_UCJFHeqfvfA-071	10.08	302
073_UCJFHeqfvfA-072	14.5	435
073_UCJFHeqfvfA-073	13.52	406
073_UCJFHeqfvfA-075	35.44	1063
073_UCJFHeqfvfA-077	11.28	338
073_UCJFHeqfvfA-078	38.02	1141
073_UCJFHeqfvfA-079	24.5	735
073_UCJFHeqfvfA-080	6.88	206
073_UCJFHeqfvfA-081	7.8	234
073_UCJFHeqfvfA-082	32.06	962
073_UCJFHeqfvfA-083	60.46	1814
073_UCJFHeqfvfA-084	16.88	506
073_UCJFHeqfvfA-085	34.18	1025
073_UCJFHeqfvfA-086	12.64	379
073_UCJFHeqfvfA-087	82.86	2486
073_UCJFHeqfvfA-088	55.12	1654
073_UCJFHeqfvfA-091	14.32	430
074_lH3MSddNAYQ-026	6.62	199
074_lH3MSddNAYQ-027	12.12	364
074_lH3MSddNAYQ-028	9.56	287
074_lH3MSddNAYQ-029	17.52	526
074_lH3MSddNAYQ-030	5.74	172
074_lH3MSddNAYQ-031	27.46	824
074_lH3MSddNAYQ-032	7.28	218
074_lH3MSddNAYQ-033	74.04	2221
074_lH3MSddNAYQ-034	17.14	514
074_lH3MSddNAYQ-035	8.78	263
074_lH3MSddNAYQ-036	39.34	1180
074_lH3MSddNAYQ-037	7.1	213
074_lH3MSddNAYQ-039	12.54	376
074_lH3MSddNAYQ-040	6.66	200
074_lH3MSddNAYQ-041	51.12	1534
074_lH3MSddNAYQ-042	38.18	1145
074_lH3MSddNAYQ-043	54.64	1639
074_lH3MSddNAYQ-045	43.52	1306
074_lH3MSddNAYQ-046	10.9	327
074_lH3MSddNAYQ-047	82.66	2480
074_lH3MSddNAYQ-048	5.16	155
074_lH3MSddNAYQ-049	18.38	551
074_lH3MSddNAYQ-050	15.46	464
074_lH3MSddNAYQ-051	9.76	293
074_lH3MSddNAYQ-052	25.62	769
074_lH3MSddNAYQ-053	31.02	931
074_lH3MSddNAYQ-054	26.74	802
074_lH3MSddNAYQ-055	7.12	214
074_lH3MSddNAYQ-056	5.86	176
074_lH3MSddNAYQ-057	33.96	1019
074_lH3MSddNAYQ-058	33.14	994
074_lH3MSddNAYQ-059	14.46	434
074_lH3MSddNAYQ-060	22.94	688
074_lH3MSddNAYQ-061	44.48	1334
074_lH3MSddNAYQ-062	9.48	284
074_lH3MSddNAYQ-064	54.92	1648
074_lH3MSddNAYQ-066	30.6	918
074_lH3MSddNAYQ-067	35.62	1069
074_lH3MSddNAYQ-069	12.08	362
074_lH3MSddNAYQ-070	20.46	614
074_lH3MSddNAYQ-071	9.12	274
074_lH3MSddNAYQ-072	81.34	2440
074_lH3MSddNAYQ-073	13.76	413
074_lH3MSddNAYQ-074	11.58	347
074_lH3MSddNAYQ-075	17.8	534
074_lH3MSddNAYQ-077	9.58	287
074_lH3MSddNAYQ-078	24.16	725
074_lH3MSddNAYQ-079	4.74	142
074_lH3MSddNAYQ-081	12.3	369
074_lH3MSddNAYQ-082	10.36	311
074_lH3MSddNAYQ-083	27.28	818
074_lH3MSddNAYQ-084	45.34	1360
074_lH3MSddNAYQ-085	55.76	1673
074_lH3MSddNAYQ-086	5.38	161
074_lH3MSddNAYQ-087	8.52	256
074_lH3MSddNAYQ-088	31.72	952
074_lH3MSddNAYQ-089	23.02	691
074_lH3MSddNAYQ-090	119.96	3599
075_OQldHjDAXz8-001	23.98	719
075_OQldHjDAXz8-024	19.02	571
075_OQldHjDAXz8-025	8.78	263
075_OQldHjDAXz8-026	5.88	176
075_OQldHjDAXz8-027	14.72	442
075_OQldHjDAXz8-029	32.22	967
075_OQldHjDAXz8-030	21.76	653
075_OQldHjDAXz8-031	7.62	229
075_OQldHjDAXz8-032	26.26	788
075_OQldHjDAXz8-033	14.56	437
075_OQldHjDAXz8-034	42.74	1282
075_OQldHjDAXz8-036	38.46	1154
075_OQldHjDAXz8-037	6.04	181
075_OQldHjDAXz8-038	4.36	131
075_OQldHjDAXz8-039	17.64	529
075_OQldHjDAXz8-040	27.68	830
075_OQldHjDAXz8-042	4.74	142
075_OQldHjDAXz8-043	40.36	1211
075_OQldHjDAXz8-044	4.66	140
075_OQldHjDAXz8-045	108.78	3263
075_OQldHjDAXz8-046	37.34	1120
075_OQldHjDAXz8-047	4.84	145
075_OQldHjDAXz8-048	45.28	1358
075_OQldHjDAXz8-049	17.7	531
075_OQldHjDAXz8-050	32.64	979
075_OQldHjDAXz8-051	15.44	463
075_OQldHjDAXz8-052	16.5	495
075_OQldHjDAXz8-053	7.66	230
075_OQldHjDAXz8-054	27.16	815
075_OQldHjDAXz8-056	16.72	502
075_OQldHjDAXz8-058	45.18	1355
075_OQldHjDAXz8-059	42.92	1288
075_OQldHjDAXz8-060	19.68	590
075_OQldHjDAXz8-061	37.38	1121
075_OQldHjDAXz8-062	84.1	2523
075_OQldHjDAXz8-063	28.76	863
075_OQldHjDAXz8-064	26.26	788
075_OQldHjDAXz8-065	9.24	277
075_OQldHjDAXz8-066	26.88	806
075_OQldHjDAXz8-067	6.02	181
075_OQldHjDAXz8-068	47.34	1420
075_OQldHjDAXz8-069	43.46	1304
075_OQldHjDAXz8-070	7.42	223
075_OQldHjDAXz8-071	40.22	1207
075_OQldHjDAXz8-072	39.68	1190
075_OQldHjDAXz8-073	22.06	662
075_OQldHjDAXz8-075	13.96	419
075_OQldHjDAXz8-076	5.44	163
075_OQldHjDAXz8-078	28.12	844
075_OQldHjDAXz8-079	8.42	253
075_OQldHjDAXz8-080	20.66	620
075_OQldHjDAXz8-081	6.3	189
075_OQldHjDAXz8-083	13.66	410
075_OQldHjDAXz8-084	28.98	869
075_OQldHjDAXz8-085	11.04	331
075_OQldHjDAXz8-086	19.28	578
075_OQldHjDAXz8-087	9.66	290
075_OQldHjDAXz8-088	15.66	470
075_OQldHjDAXz8-089	101.32	3040
075_OQldHjDAXz8-090	23.92	718
075_OQldHjDAXz8-091	10.52	316
075_OQldHjDAXz8-092	14.12	424
075_OQldHjDAXz8-093	128.98	3869
076_FiwiqMc7NV0-026	18.02	541
076_FiwiqMc7NV0-027	9.76	293
076_FiwiqMc7NV0-028	13.88	416
076_FiwiqMc7NV0-040	6.04	181
076_FiwiqMc7NV0-041	18.6	558
076_FiwiqMc7NV0-042	23.38	701
076_FiwiqMc7NV0-043	50.88	1526
076_FiwiqMc7NV0-044	24.68	740
076_FiwiqMc7NV0-045	36.16	1085
076_FiwiqMc7NV0-046	22.0	660
076_FiwiqMc7NV0-047	43.62	1309
076_FiwiqMc7NV0-048	64.08	1922
076_FiwiqMc7NV0-049	9.26	278
076_FiwiqMc7NV0-050	16.16	485
076_FiwiqMc7NV0-051	18.96	569
076_FiwiqMc7NV0-052	55.18	1655
076_FiwiqMc7NV0-053	10.22	307
076_FiwiqMc7NV0-055	56.62	1699
076_FiwiqMc7NV0-056	8.24	247
076_FiwiqMc7NV0-057	33.08	992
076_FiwiqMc7NV0-058	27.9	837
076_FiwiqMc7NV0-059	13.84	415
076_FiwiqMc7NV0-060	17.44	523
076_FiwiqMc7NV0-061	10.68	320
076_FiwiqMc7NV0-062	16.46	494
076_FiwiqMc7NV0-063	18.84	565
076_FiwiqMc7NV0-064	12.3	369
076_FiwiqMc7NV0-065	27.04	811
076_FiwiqMc7NV0-066	21.02	631
076_FiwiqMc7NV0-067	41.9	1257
076_FiwiqMc7NV0-069	15.34	460
076_FiwiqMc7NV0-070	29.84	895
076_FiwiqMc7NV0-071	51.16	1535
076_FiwiqMc7NV0-072	13.12	394
076_FiwiqMc7NV0-075	10.62	319
076_FiwiqMc7NV0-076	26.42	793
076_FiwiqMc7NV0-077	14.2	426
076_FiwiqMc7NV0-078	15.98	479
076_FiwiqMc7NV0-080	28.14	844
076_FiwiqMc7NV0-081	19.68	590
076_FiwiqMc7NV0-082	15.88	476
076_FiwiqMc7NV0-083	85.22	2557
076_FiwiqMc7NV0-084	4.52	136
076_FiwiqMc7NV0-085	18.3	549
076_FiwiqMc7NV0-086	7.56	227
076_FiwiqMc7NV0-087	27.98	839
076_FiwiqMc7NV0-088	30.44	913
076_FiwiqMc7NV0-089	28.66	860
076_FiwiqMc7NV0-090	10.6	318
076_FiwiqMc7NV0-091	5.36	161
076_FiwiqMc7NV0-093	12.54	376
076_FiwiqMc7NV0-094	26.88	806
076_FiwiqMc7NV0-096	6.62	199
076_FiwiqMc7NV0-097	96.88	2906
076_FiwiqMc7NV0-098	11.66	350
076_FiwiqMc7NV0-099	5.32	160
076_FiwiqMc7NV0-100	7.24	217
076_FiwiqMc7NV0-101	119.22	3577
076_FiwiqMc7NV0-102	7.34	220
076_FiwiqMc7NV0-103	10.58	317
076_FiwiqMc7NV0-104	5.8	174
076_FiwiqMc7NV0-105	106.86	3206
076_FiwiqMc7NV0-106	10.58	317
076_FiwiqMc7NV0-107	19.74	592
076_FiwiqMc7NV0-108	82.84	2485
077_MtghidGKnzI-014	40.26	1208
077_MtghidGKnzI-015	61.64	1849
077_MtghidGKnzI-016	9.42	283
077_MtghidGKnzI-017	28.2	846
077_MtghidGKnzI-018	26.98	809
077_MtghidGKnzI-019	8.5	255
077_MtghidGKnzI-020	11.52	346
077_MtghidGKnzI-021	42.14	1264
077_MtghidGKnzI-022	9.86	296
077_MtghidGKnzI-024	62.56	1877
077_MtghidGKnzI-025	27.26	818
077_MtghidGKnzI-026	19.38	581
077_MtghidGKnzI-029	51.62	1549
077_MtghidGKnzI-030	4.06	122
077_MtghidGKnzI-031	13.12	394
077_MtghidGKnzI-032	4.54	136
077_MtghidGKnzI-033	7.3	219
077_MtghidGKnzI-034	55.96	1679
077_MtghidGKnzI-035	34.92	1048
077_MtghidGKnzI-036	8.2	246
077_MtghidGKnzI-037	42.94	1288
077_MtghidGKnzI-039	35.02	1051
077_MtghidGKnzI-040	8.48	254
077_MtghidGKnzI-041	10.4	312
077_MtghidGKnzI-042	15.34	460
077_MtghidGKnzI-045	40.26	1208
077_MtghidGKnzI-046	32.32	970
077_MtghidGKnzI-047	11.66	350
077_MtghidGKnzI-048	76.76	2303
077_MtghidGKnzI-049	10.22	307
077_MtghidGKnzI-050	34.86	1046
077_MtghidGKnzI-051	11.5	345
077_MtghidGKnzI-052	11.8	354
077_MtghidGKnzI-053	100.52	3016
077_MtghidGKnzI-055	19.86	596
077_MtghidGKnzI-056	16.76	503
077_MtghidGKnzI-057	6.62	199
077_MtghidGKnzI-058	42.02	1261
077_MtghidGKnzI-059	80.4	2412
077_MtghidGKnzI-060	43.56	1307
077_MtghidGKnzI-061	10.56	317
077_MtghidGKnzI-062	84.34	2530
077_MtghidGKnzI-064	25.86	776
077_MtghidGKnzI-065	7.26	218
077_MtghidGKnzI-066	11.82	355
077_MtghidGKnzI-067	135.82	4075
077_MtghidGKnzI-068	16.98	509
077_MtghidGKnzI-070	142.34	4270
078_MmIZpUcibP8-017	40.02	1201
078_MmIZpUcibP8-018	34.72	1042
078_MmIZpUcibP8-019	6.18	185
078_MmIZpUcibP8-020	18.76	563
078_MmIZpUcibP8-021	64.92	1948
078_MmIZpUcibP8-022	7.64	229
078_MmIZpUcibP8-023	15.7	471
078_MmIZpUcibP8-024	35.26	1058
078_MmIZpUcibP8-025	10.04	301
078_MmIZpUcibP8-026	19.54	586
078_MmIZpUcibP8-027	31.2	936
078_MmIZpUcibP8-028	14.9	447
078_MmIZpUcibP8-029	14.2	426
078_MmIZpUcibP8-030	20.1	603
078_MmIZpUcibP8-031	23.62	709
078_MmIZpUcibP8-033	13.06	392
078_MmIZpUcibP8-034	28.7	861
078_MmIZpUcibP8-036	21.04	631
078_MmIZpUcibP8-038	5.0	150
078_MmIZpUcibP8-039	5.9	177
078_MmIZpUcibP8-040	13.68	410
078_MmIZpUcibP8-041	48.82	1465
078_MmIZpUcibP8-042	4.76	143
078_MmIZpUcibP8-043	69.18	2075
078_MmIZpUcibP8-044	52.38	1571
078_MmIZpUcibP8-045	19.78	593
078_MmIZpUcibP8-046	26.4	792
078_MmIZpUcibP8-047	4.72	142
078_MmIZpUcibP8-048	4.96	149
078_MmIZpUcibP8-049	14.8	444
078_MmIZpUcibP8-050	134.78	4043
078_MmIZpUcibP8-053	30.94	928
078_MmIZpUcibP8-054	28.5	855
078_MmIZpUcibP8-057	42.62	1279
078_MmIZpUcibP8-058	17.34	520
078_MmIZpUcibP8-059	48.34	1450
078_MmIZpUcibP8-060	10.96	329
078_MmIZpUcibP8-061	9.7	291
078_MmIZpUcibP8-062	6.62	199
078_MmIZpUcibP8-063	58.22	1747
078_MmIZpUcibP8-064	58.3	1749
078_MmIZpUcibP8-065	19.5	585
078_MmIZpUcibP8-067	38.88	1166
078_MmIZpUcibP8-068	92.76	2783
078_MmIZpUcibP8-070	13.44	403
078_MmIZpUcibP8-071	9.38	281
078_MmIZpUcibP8-072	45.58	1367
078_MmIZpUcibP8-074	11.58	347
078_MmIZpUcibP8-075	18.5	555
078_MmIZpUcibP8-077	15.0	450
078_MmIZpUcibP8-078	19.1	573
078_MmIZpUcibP8-079	34.66	1040
078_MmIZpUcibP8-080	60.0	1800
078_MmIZpUcibP8-081	28.44	853
078_MmIZpUcibP8-083	14.46	434
078_MmIZpUcibP8-084	28.1	843
078_MmIZpUcibP8-085	30.26	908
079_bl7MzJjyK18-016	6.58	197
079_bl7MzJjyK18-017	45.02	1351
079_bl7MzJjyK18-018	4.54	136
079_bl7MzJjyK18-019	21.66	650
079_bl7MzJjyK18-020	27.3	819
079_bl7MzJjyK18-021	24.22	727
079_bl7MzJjyK18-022	13.14	394
079_bl7MzJjyK18-023	20.52	616
079_bl7MzJjyK18-024	49.28	1478
079_bl7MzJjyK18-025	29.52	886
079_bl7MzJjyK18-026	5.12	154
079_bl7MzJjyK18-028	27.96	839
079_bl7MzJjyK18-029	17.36	521
079_bl7MzJjyK18-030	34.24	1027
079_bl7MzJjyK18-031	4.3	129
079_bl7MzJjyK18-032	22.4	672
079_bl7MzJjyK18-033	8.6	258
079_bl7MzJjyK18-034	52.12	1564
079_bl7MzJjyK18-036	46.48	1394
079_bl7MzJjyK18-037	16.34	490
079_bl7MzJjyK18-038	58.54	1756
079_bl7MzJjyK18-040	47.72	1432
079_bl7MzJjyK18-041	5.08	152
079_bl7MzJjyK18-042	19.88	596
079_bl7MzJjyK18-043	28.38	851
079_bl7MzJjyK18-044	17.4	522
079_bl7MzJjyK18-045	15.86	476
079_bl7MzJjyK18-046	54.2	1626
079_bl7MzJjyK18-047	63.28	1898
079_bl7MzJjyK18-048	27.86	836
079_bl7MzJjyK18-049	9.06	272
079_bl7MzJjyK18-050	8.98	269
079_bl7MzJjyK18-051	68.34	2050
079_bl7MzJjyK18-052	16.98	509
079_bl7MzJjyK18-053	41.16	1235
079_bl7MzJjyK18-054	9.64	289
079_bl7MzJjyK18-055	11.5	345
079_bl7MzJjyK18-056	3.8	114
079_bl7MzJjyK18-057	15.78	473
079_bl7MzJjyK18-058	49.04	1471
079_bl7MzJjyK18-059	85.54	2566
079_bl7MzJjyK18-060	5.28	158
079_bl7MzJjyK18-061	4.92	148
079_bl7MzJjyK18-063	39.08	1172
079_bl7MzJjyK18-064	105.72	3172
079_bl7MzJjyK18-065	20.38	611
079_bl7MzJjyK18-066	21.14	634
079_bl7MzJjyK18-070	63.9	1917
079_bl7MzJjyK18-072	43.86	1316
079_bl7MzJjyK18-073	22.92	688
079_bl7MzJjyK18-074	51.56	1547
080_VzD0YWsCPzg-021	19.1	573
080_VzD0YWsCPzg-022	37.38	1121
080_VzD0YWsCPzg-023	7.54	226
080_VzD0YWsCPzg-024	30.68	920
080_VzD0YWsCPzg-025	41.12	1234
080_VzD0YWsCPzg-026	17.28	518
080_VzD0YWsCPzg-027	23.98	719
080_VzD0YWsCPzg-028	9.36	281
080_VzD0YWsCPzg-029	23.36	701
080_VzD0YWsCPzg-030	48.64	1459
080_VzD0YWsCPzg-031	10.7	321
080_VzD0YWsCPzg-033	6.7	201
080_VzD0YWsCPzg-034	23.08	692
080_VzD0YWsCPzg-035	37.26	1118
080_VzD0YWsCPzg-036	16.96	509
080_VzD0YWsCPzg-037	6.14	184
080_VzD0YWsCPzg-038	32.56	977
080_VzD0YWsCPzg-039	40.54	1216
080_VzD0YWsCPzg-041	7.22	217
080_VzD0YWsCPzg-043	3.74	112
080_VzD0YWsCPzg-044	235.36	7061
080_VzD0YWsCPzg-046	101.02	3031
080_VzD0YWsCPzg-047	13.66	410
080_VzD0YWsCPzg-048	19.22	577
080_VzD0YWsCPzg-049	24.14	724
080_VzD0YWsCPzg-050	48.1	1443
080_VzD0YWsCPzg-054	13.8	414
080_VzD0YWsCPzg-055	4.08	122
080_VzD0YWsCPzg-056	92.82	2785
080_VzD0YWsCPzg-057	12.52	376
080_VzD0YWsCPzg-059	7.24	217
080_VzD0YWsCPzg-060	36.98	1109
080_VzD0YWsCPzg-061	22.48	674
080_VzD0YWsCPzg-062	107.76	3233
080_VzD0YWsCPzg-063	124.12	3724
081_72ylicTTpD0-021	49.68	1490
081_72ylicTTpD0-022	7.72	232
081_72ylicTTpD0-023	14.0	420
081_72ylicTTpD0-025	45.3	1359
081_72ylicTTpD0-026	15.6	468
081_72ylicTTpD0-027	15.68	470
081_72ylicTTpD0-028	7.46	224
081_72ylicTTpD0-029	15.38	461
081_72ylicTTpD0-030	25.36	761
081_72ylicTTpD0-031	7.66	230
081_72ylicTTpD0-032	9.6	288
081_72ylicTTpD0-033	8.84	265
081_72ylicTTpD0-036	23.86	716
081_72ylicTTpD0-038	9.6	288
081_72ylicTTpD0-039	30.96	929
081_72ylicTTpD0-040	15.66	470
081_72ylicTTpD0-041	4.64	139
081_72ylicTTpD0-042	7.76	233
081_72ylicTTpD0-043	18.68	560
081_72ylicTTpD0-044	28.06	842
081_72ylicTTpD0-045	14.3	429
081_72ylicTTpD0-046	13.06	392
081_72ylicTTpD0-048	54.16	1625
081_72ylicTTpD0-049	8.04	241
081_72ylicTTpD0-050	8.78	263
081_72ylicTTpD0-051	43.5	1305
081_72ylicTTpD0-053	25.18	755
081_72ylicTTpD0-054	4.96	149
081_72ylicTTpD0-055	11.92	358
081_72ylicTTpD0-056	5.04	151
081_72ylicTTpD0-058	30.8	924
081_72ylicTTpD0-060	4.32	130
081_72ylicTTpD0-061	10.68	320
081_72ylicTTpD0-062	13.72	412
081_72ylicTTpD0-063	64.22	1927
081_72ylicTTpD0-065	31.48	944
081_72ylicTTpD0-066	9.44	283
081_72ylicTTpD0-067	94.08	2822
081_72ylicTTpD0-068	31.68	950
081_72ylicTTpD0-070	31.38	941
081_72ylicTTpD0-071	17.72	532
081_72ylicTTpD0-072	37.3	1119
081_72ylicTTpD0-075	15.28	458
081_72ylicTTpD0-076	58.12	1744
081_72ylicTTpD0-078	18.6	558
081_72ylicTTpD0-080	5.64	169
081_72ylicTTpD0-082	74.42	2233
081_72ylicTTpD0-083	22.58	677
081_72ylicTTpD0-086	32.76	983
081_72ylicTTpD0-087	14.8	444
081_72ylicTTpD0-091	30.92	928
081_72ylicTTpD0-093	30.88	926
081_72ylicTTpD0-095	90.26	2708
081_72ylicTTpD0-096	3.6	108
081_72ylicTTpD0-097	43.36	1301
081_72ylicTTpD0-098	78.02	2341
081_72ylicTTpD0-100	77.96	2339
081_72ylicTTpD0-101	8.72	262
081_72ylicTTpD0-103	126.52	3796
081_72ylicTTpD0-104	25.24	757
081_72ylicTTpD0-105	6.64	199
081_72ylicTTpD0-107	8.7	261
081_72ylicTTpD0-109	8.26	248
081_72ylicTTpD0-110	13.44	403
081_72ylicTTpD0-111	140.04	4201
081_72ylicTTpD0-112	107.92	3238
081_72ylicTTpD0-114	13.78	413
081_72ylicTTpD0-115	5.1	153
081_72ylicTTpD0-117	5.66	170
082_S4kkhp2OiE4-023	50.12	1504
082_S4kkhp2OiE4-024	23.4	702
082_S4kkhp2OiE4-025	9.12	274
082_S4kkhp2OiE4-026	28.92	868
082_S4kkhp2OiE4-027	13.52	406
082_S4kkhp2OiE4-029	6.62	199
082_S4kkhp2OiE4-030	15.08	452
082_S4kkhp2OiE4-031	24.66	740
082_S4kkhp2OiE4-032	5.88	176
082_S4kkhp2OiE4-033	11.7	351
082_S4kkhp2OiE4-034	5.02	151
082_S4kkhp2OiE4-035	7.52	226
082_S4kkhp2OiE4-036	33.46	1004
082_S4kkhp2OiE4-037	9.34	280
082_S4kkhp2OiE4-039	7.28	218
082_S4kkhp2OiE4-040	13.42	403
082_S4kkhp2OiE4-041	23.26	698
082_S4kkhp2OiE4-042	24.66	740
082_S4kkhp2OiE4-043	28.62	859
082_S4kkhp2OiE4-044	14.26	428
082_S4kkhp2OiE4-045	39.4	1182
082_S4kkhp2OiE4-046	11.96	359
082_S4kkhp2OiE4-047	3.68	110
082_S4kkhp2OiE4-048	3.66	110
082_S4kkhp2OiE4-049	5.6	168
082_S4kkhp2OiE4-050	10.94	328
082_S4kkhp2OiE4-051	27.28	818
082_S4kkhp2OiE4-052	13.1	393
082_S4kkhp2OiE4-053	22.02	661
082_S4kkhp2OiE4-054	19.32	580
082_S4kkhp2OiE4-055	4.8	144
082_S4kkhp2OiE4-056	32.48	974
082_S4kkhp2OiE4-057	13.96	419
082_S4kkhp2OiE4-058	4.28	128
082_S4kkhp2OiE4-059	143.68	4310
082_S4kkhp2OiE4-060	8.82	265
082_S4kkhp2OiE4-061	36.44	1093
082_S4kkhp2OiE4-062	4.88	146
082_S4kkhp2OiE4-063	22.96	689
082_S4kkhp2OiE4-064	18.38	551
082_S4kkhp2OiE4-065	9.9	297
082_S4kkhp2OiE4-066	12.56	377
082_S4kkhp2OiE4-067	5.2	156
082_S4kkhp2OiE4-068	16.36	491
082_S4kkhp2OiE4-069	16.72	502
082_S4kkhp2OiE4-070	14.0	420
082_S4kkhp2OiE4-071	8.88	266
082_S4kkhp2OiE4-072	34.74	1042
082_S4kkhp2OiE4-073	13.76	413
082_S4kkhp2OiE4-074	11.32	340
082_S4kkhp2OiE4-075	22.68	680
082_S4kkhp2OiE4-076	22.2	666
082_S4kkhp2OiE4-078	10.44	313
082_S4kkhp2OiE4-079	102.92	3088
082_S4kkhp2OiE4-080	29.98	899
082_S4kkhp2OiE4-081	4.38	131
082_S4kkhp2OiE4-082	13.48	404
082_S4kkhp2OiE4-083	3.76	113
082_S4kkhp2OiE4-085	7.38	221
082_S4kkhp2OiE4-087	37.4	1122
082_S4kkhp2OiE4-089	29.32	880
082_S4kkhp2OiE4-090	6.1	183
082_S4kkhp2OiE4-091	31.84	955
082_S4kkhp2OiE4-092	9.02	271
082_S4kkhp2OiE4-094	17.02	511
082_S4kkhp2OiE4-095	34.82	1045
082_S4kkhp2OiE4-096	29.7	891
082_S4kkhp2OiE4-097	4.06	122
082_S4kkhp2OiE4-098	3.8	114
082_S4kkhp2OiE4-100	11.66	350
082_S4kkhp2OiE4-103	13.14	394
082_S4kkhp2OiE4-108	88.52	2656
082_S4kkhp2OiE4-110	6.16	185
082_S4kkhp2OiE4-111	4.32	130
082_S4kkhp2OiE4-112	7.3	219
082_S4kkhp2OiE4-113	7.6	228
082_S4kkhp2OiE4-114	20.46	614
082_S4kkhp2OiE4-115	13.98	419
083_Uo6RVfaSyWQ-015	3.6	108
083_Uo6RVfaSyWQ-023	48.68	1460
083_Uo6RVfaSyWQ-024	17.96	539
083_Uo6RVfaSyWQ-025	80.08	2402
083_Uo6RVfaSyWQ-026	8.28	248
083_Uo6RVfaSyWQ-027	8.62	259
083_Uo6RVfaSyWQ-029	23.24	697
083_Uo6RVfaSyWQ-030	50.18	1505
083_Uo6RVfaSyWQ-031	92.12	2764
083_Uo6RVfaSyWQ-032	34.96	1049
083_Uo6RVfaSyWQ-033	12.08	362
083_Uo6RVfaSyWQ-034	64.62	1939
083_Uo6RVfaSyWQ-035	14.36	431
083_Uo6RVfaSyWQ-036	29.8	894
083_Uo6RVfaSyWQ-038	42.8	1284
083_Uo6RVfaSyWQ-039	11.82	355
083_Uo6RVfaSyWQ-040	16.72	502
083_Uo6RVfaSyWQ-041	6.96	209
083_Uo6RVfaSyWQ-042	69.88	2096
083_Uo6RVfaSyWQ-044	169.02	5071
083_Uo6RVfaSyWQ-045	22.7	681
083_Uo6RVfaSyWQ-046	40.4	1212
083_Uo6RVfaSyWQ-047	3.96	119
083_Uo6RVfaSyWQ-048	118.14	3544
083_Uo6RVfaSyWQ-049	13.94	418
083_Uo6RVfaSyWQ-051	55.22	1657
083_Uo6RVfaSyWQ-052	43.12	1294
083_Uo6RVfaSyWQ-053	12.02	361
083_Uo6RVfaSyWQ-058	83.76	2513
084_uJ31xEnjXQ8-023	28.94	868
084_uJ31xEnjXQ8-024	4.52	136
084_uJ31xEnjXQ8-025	18.54	556
084_uJ31xEnjXQ8-026	29.0	870
084_uJ31xEnjXQ8-027	6.8	204
084_uJ31xEnjXQ8-029	20.02	601
084_uJ31xEnjXQ8-030	8.38	251
084_uJ31xEnjXQ8-031	73.34	2200
084_uJ31xEnjXQ8-032	24.58	737
084_uJ31xEnjXQ8-033	81.82	2455
084_uJ31xEnjXQ8-035	10.06	302
084_uJ31xEnjXQ8-036	8.9	267
084_uJ31xEnjXQ8-037	8.86	266
084_uJ31xEnjXQ8-038	11.6	348
084_uJ31xEnjXQ8-039	73.22	2197
084_uJ31xEnjXQ8-040	6.98	209
084_uJ31xEnjXQ8-041	16.48	494
084_uJ31xEnjXQ8-042	8.26	248
084_uJ31xEnjXQ8-043	109.26	3278
084_uJ31xEnjXQ8-046	32.78	983
084_uJ31xEnjXQ8-047	10.16	305
084_uJ31xEnjXQ8-048	53.08	1592
084_uJ31xEnjXQ8-049	9.48	284
084_uJ31xEnjXQ8-050	19.98	599
084_uJ31xEnjXQ8-051	70.14	2104
084_uJ31xEnjXQ8-052	12.1	363
084_uJ31xEnjXQ8-053	17.88	536
084_uJ31xEnjXQ8-055	19.64	589
084_uJ31xEnjXQ8-056	9.92	298
084_uJ31xEnjXQ8-058	34.22	1027
084_uJ31xEnjXQ8-059	231.06	6932
084_uJ31xEnjXQ8-060	23.42	703
084_uJ31xEnjXQ8-061	13.58	407
084_uJ31xEnjXQ8-062	97.58	2927
084_uJ31xEnjXQ8-063	148.22	4447
085_e5YiW_qSZRk-024	58.74	1762
085_e5YiW_qSZRk-025	13.24	397
085_e5YiW_qSZRk-026	30.24	907
085_e5YiW_qSZRk-027	4.02	121
085_e5YiW_qSZRk-028	27.88	836
085_e5YiW_qSZRk-029	4.82	145
085_e5YiW_qSZRk-030	44.64	1339
085_e5YiW_qSZRk-031	20.9	627
085_e5YiW_qSZRk-032	20.26	608
085_e5YiW_qSZRk-033	44.66	1340
085_e5YiW_qSZRk-034	10.8	324
085_e5YiW_qSZRk-035	20.06	602
085_e5YiW_qSZRk-036	61.1	1833
085_e5YiW_qSZRk-037	32.72	982
085_e5YiW_qSZRk-038	17.78	533
085_e5YiW_qSZRk-039	13.52	406
085_e5YiW_qSZRk-040	17.2	516
085_e5YiW_qSZRk-041	16.26	488
085_e5YiW_qSZRk-043	52.16	1565
085_e5YiW_qSZRk-045	8.28	248
085_e5YiW_qSZRk-046	91.76	2753
085_e5YiW_qSZRk-047	8.1	243
085_e5YiW_qSZRk-048	5.54	166
085_e5YiW_qSZRk-049	26.82	805
085_e5YiW_qSZRk-050	19.14	574
085_e5YiW_qSZRk-051	30.14	904
085_e5YiW_qSZRk-052	125.8	3774
085_e5YiW_qSZRk-053	12.32	370
085_e5YiW_qSZRk-054	109.16	3275
085_e5YiW_qSZRk-055	28.82	865
085_e5YiW_qSZRk-056	27.38	821
085_e5YiW_qSZRk-057	67.2	2016
085_e5YiW_qSZRk-058	90.22	2707
085_e5YiW_qSZRk-059	16.9	507
085_e5YiW_qSZRk-060	31.74	952
085_e5YiW_qSZRk-061	42.22	1267
085_e5YiW_qSZRk-062	6.66	200
085_e5YiW_qSZRk-063	229.84	6895
085_e5YiW_qSZRk-064	43.62	1309
085_e5YiW_qSZRk-065	198.44	5953
085_e5YiW_qSZRk-066	15.14	454
085_e5YiW_qSZRk-067	45.72	1372
086_EzZDSaCHD1M-023	37.8	1134
086_EzZDSaCHD1M-024	10.94	328
086_EzZDSaCHD1M-025	25.46	764
086_EzZDSaCHD1M-026	46.2	1386
086_EzZDSaCHD1M-027	19.84	595
086_EzZDSaCHD1M-028	42.84	1285
086_EzZDSaCHD1M-030	9.22	277
086_EzZDSaCHD1M-031	14.62	439
086_EzZDSaCHD1M-032	72.52	2176
086_EzZDSaCHD1M-033	97.62	2929
086_EzZDSaCHD1M-036	8.74	262
086_EzZDSaCHD1M-037	164.48	4934
086_EzZDSaCHD1M-039	112.14	3364
086_EzZDSaCHD1M-040	9.04	271
086_EzZDSaCHD1M-041	42.84	1285
086_EzZDSaCHD1M-042	19.78	593
086_EzZDSaCHD1M-043	39.16	1175
086_EzZDSaCHD1M-044	17.8	534
086_EzZDSaCHD1M-045	18.88	566
086_EzZDSaCHD1M-046	25.92	778
086_EzZDSaCHD1M-048	14.82	445
086_EzZDSaCHD1M-049	31.32	940
086_EzZDSaCHD1M-051	88.02	2641
086_EzZDSaCHD1M-052	4.54	136
086_EzZDSaCHD1M-053	58.44	1753
086_EzZDSaCHD1M-054	5.1	153
086_EzZDSaCHD1M-055	12.34	370
086_EzZDSaCHD1M-056	42.86	1286
086_EzZDSaCHD1M-057	31.52	946
086_EzZDSaCHD1M-058	143.8	4314
086_EzZDSaCHD1M-059	203.08	6092
086_EzZDSaCHD1M-061	97.14	2914
087_wH2djoKKghQ-015	4.06	122
087_wH2djoKKghQ-023	62.8	1884
087_wH2djoKKghQ-024	40.38	1211
087_wH2djoKKghQ-025	7.56	227
087_wH2djoKKghQ-026	15.64	469
087_wH2djoKKghQ-027	22.58	677
087_wH2djoKKghQ-029	155.9	4677
087_wH2djoKKghQ-030	20.58	617
087_wH2djoKKghQ-031	36.74	1102
087_wH2djoKKghQ-032	10.24	307
087_wH2djoKKghQ-033	26.76	803
087_wH2djoKKghQ-034	10.94	328
087_wH2djoKKghQ-035	4.56	137
087_wH2djoKKghQ-036	59.8	1794
087_wH2djoKKghQ-039	11.96	359
087_wH2djoKKghQ-040	14.32	430
087_wH2djoKKghQ-042	22.3	669
087_wH2djoKKghQ-043	9.7	291
087_wH2djoKKghQ-045	42.1	1263
087_wH2djoKKghQ-046	12.46	374
087_wH2djoKKghQ-047	12.38	371
087_wH2djoKKghQ-048	17.16	515
087_wH2djoKKghQ-049	13.7	411
087_wH2djoKKghQ-050	56.18	1685
087_wH2djoKKghQ-051	9.64	289
087_wH2djoKKghQ-052	89.6	2688
087_wH2djoKKghQ-053	7.56	227
087_wH2djoKKghQ-054	28.96	869
087_wH2djoKKghQ-055	46.56	1397
087_wH2djoKKghQ-056	68.62	2059
087_wH2djoKKghQ-057	27.24	817
087_wH2djoKKghQ-058	70.9	2127
087_wH2djoKKghQ-059	18.06	542
087_wH2djoKKghQ-061	21.06	632
087_wH2djoKKghQ-062	28.1	843
087_wH2djoKKghQ-065	35.92	1078
087_wH2djoKKghQ-066	60.66	1820
087_wH2djoKKghQ-067	18.98	569
087_wH2djoKKghQ-068	10.46	314
087_wH2djoKKghQ-069	78.56	2357
087_wH2djoKKghQ-070	8.44	253
088_m7oxPIt3dQU-024	19.14	574
088_m7oxPIt3dQU-025	11.88	356
088_m7oxPIt3dQU-026	12.9	387
088_m7oxPIt3dQU-027	6.74	202
088_m7oxPIt3dQU-028	32.3	969
088_m7oxPIt3dQU-029	61.02	1831
088_m7oxPIt3dQU-030	6.76	203
088_m7oxPIt3dQU-031	13.12	394
088_m7oxPIt3dQU-032	8.86	266
088_m7oxPIt3dQU-035	6.34	190
088_m7oxPIt3dQU-036	34.62	1039
088_m7oxPIt3dQU-037	19.34	580
088_m7oxPIt3dQU-038	15.3	459
088_m7oxPIt3dQU-039	31.3	939
088_m7oxPIt3dQU-040	57.24	1717
088_m7oxPIt3dQU-041	8.48	254
088_m7oxPIt3dQU-042	25.56	767
088_m7oxPIt3dQU-044	8.66	260
088_m7oxPIt3dQU-045	10.8	324
088_m7oxPIt3dQU-046	65.74	1972
088_m7oxPIt3dQU-047	28.5	855
088_m7oxPIt3dQU-048	21.96	659
088_m7oxPIt3dQU-051	19.7	591
088_m7oxPIt3dQU-052	49.84	1495
088_m7oxPIt3dQU-053	37.78	1133
088_m7oxPIt3dQU-054	38.06	1142
088_m7oxPIt3dQU-055	44.86	1346
088_m7oxPIt3dQU-059	19.5	585
088_m7oxPIt3dQU-062	47.18	1415
088_m7oxPIt3dQU-063	37.5	1125
088_m7oxPIt3dQU-064	88.16	2645
089_4KV_QhKM_gs-017	18.78	563
089_4KV_QhKM_gs-018	6.22	187
089_4KV_QhKM_gs-019	15.4	462
089_4KV_QhKM_gs-020	18.5	555
089_4KV_QhKM_gs-021	20.1	603
089_4KV_QhKM_gs-022	32.84	985
089_4KV_QhKM_gs-023	11.16	335
089_4KV_QhKM_gs-024	7.16	215
089_4KV_QhKM_gs-025	9.6	288
089_4KV_QhKM_gs-026	18.5	555
089_4KV_QhKM_gs-027	56.28	1688
089_4KV_QhKM_gs-028	9.16	275
089_4KV_QhKM_gs-030	17.76	533
089_4KV_QhKM_gs-031	7.98	239
089_4KV_QhKM_gs-032	7.16	215
089_4KV_QhKM_gs-033	13.74	412
089_4KV_QhKM_gs-034	38.18	1145
089_4KV_QhKM_gs-035	21.6	648
089_4KV_QhKM_gs-036	78.3	2349
089_4KV_QhKM_gs-038	7.36	221
089_4KV_QhKM_gs-039	44.1	1323
089_4KV_QhKM_gs-040	6.2	186
089_4KV_QhKM_gs-041	10.04	301
089_4KV_QhKM_gs-042	6.3	189
089_4KV_QhKM_gs-043	44.52	1336
089_4KV_QhKM_gs-046	20.76	623
089_4KV_QhKM_gs-047	19.72	592
089_4KV_QhKM_gs-049	50.02	1501
089_4KV_QhKM_gs-051	28.3	849
089_4KV_QhKM_gs-052	4.82	145
089_4KV_QhKM_gs-055	20.06	602
089_4KV_QhKM_gs-056	14.7	441
089_4KV_QhKM_gs-057	7.8	234
089_4KV_QhKM_gs-058	10.3	309
089_4KV_QhKM_gs-059	13.86	416
089_4KV_QhKM_gs-060	22.86	686
089_4KV_QhKM_gs-061	94.4	2832
089_4KV_QhKM_gs-062	5.74	172
089_4KV_QhKM_gs-066	52.74	1582
089_4KV_QhKM_gs-067	9.88	296
089_4KV_QhKM_gs-070	3.98	119
089_4KV_QhKM_gs-071	4.1	123
089_4KV_QhKM_gs-072	14.58	437
089_4KV_QhKM_gs-073	9.88	296
089_4KV_QhKM_gs-074	5.74	172
089_4KV_QhKM_gs-075	6.98	209
089_4KV_QhKM_gs-076	4.32	130
089_4KV_QhKM_gs-078	20.84	625
089_4KV_QhKM_gs-079	10.6	318
089_4KV_QhKM_gs-080	29.94	898
089_4KV_QhKM_gs-081	8.48	254
089_4KV_QhKM_gs-082	22.4	672
089_4KV_QhKM_gs-083	24.62	739
089_4KV_QhKM_gs-084	145.22	4357
089_4KV_QhKM_gs-086	7.48	224
089_4KV_QhKM_gs-087	37.82	1135
089_4KV_QhKM_gs-091	21.14	634
089_4KV_QhKM_gs-093	8.28	248
089_4KV_QhKM_gs-094	10.3	309
089_4KV_QhKM_gs-095	12.4	372
089_4KV_QhKM_gs-096	33.6	1008
089_4KV_QhKM_gs-097	34.96	1049
089_4KV_QhKM_gs-098	62.58	1877
089_4KV_QhKM_gs-100	38.64	1159
089_4KV_QhKM_gs-101	129.5	3885
089_4KV_QhKM_gs-102	9.2	276
089_4KV_QhKM_gs-103	4.98	149
089_4KV_QhKM_gs-104	7.54	226
089_4KV_QhKM_gs-106	13.58	407
089_4KV_QhKM_gs-107	64.84	1945
089_4KV_QhKM_gs-108	23.32	700
090_8qHOhKZViSY-021	28.48	854
090_8qHOhKZViSY-022	16.06	482
090_8qHOhKZViSY-031	18.94	568
090_8qHOhKZViSY-032	8.66	260
090_8qHOhKZViSY-033	6.64	199
090_8qHOhKZViSY-034	7.78	233
090_8qHOhKZViSY-035	6.54	196
090_8qHOhKZViSY-036	14.92	448
090_8qHOhKZViSY-037	6.54	196
090_8qHOhKZViSY-039	6.28	188
090_8qHOhKZViSY-040	10.84	325
090_8qHOhKZViSY-041	11.96	359
090_8qHOhKZViSY-042	26.62	799
090_8qHOhKZViSY-043	108.2	3246
090_8qHOhKZViSY-044	22.68	680
090_8qHOhKZViSY-045	4.66	140
090_8qHOhKZViSY-046	20.1	603
090_8qHOhKZViSY-047	11.92	358
090_8qHOhKZViSY-049	23.94	718
090_8qHOhKZViSY-051	20.14	604
090_8qHOhKZViSY-052	13.7	411
090_8qHOhKZViSY-053	8.38	251
090_8qHOhKZViSY-054	10.5	315
090_8qHOhKZViSY-055	13.64	409
090_8qHOhKZViSY-056	22.32	670
090_8qHOhKZViSY-057	7.5	225
090_8qHOhKZViSY-058	153.88	4616
090_8qHOhKZViSY-059	8.94	268
090_8qHOhKZViSY-060	23.14	694
090_8qHOhKZViSY-062	14.84	445
090_8qHOhKZViSY-063	8.54	256
090_8qHOhKZViSY-065	5.06	152
090_8qHOhKZViSY-066	12.22	367
090_8qHOhKZViSY-067	59.18	1775
090_8qHOhKZViSY-068	6.7	201
090_8qHOhKZViSY-069	27.58	827
090_8qHOhKZViSY-070	19.36	581
090_8qHOhKZViSY-072	15.86	476
090_8qHOhKZViSY-074	3.9	117
090_8qHOhKZViSY-075	11.68	350
090_8qHOhKZViSY-076	4.9	147
090_8qHOhKZViSY-078	4.68	140
090_8qHOhKZViSY-079	91.72	2752
090_8qHOhKZViSY-080	5.02	151
090_8qHOhKZViSY-081	9.38	281
090_8qHOhKZViSY-082	10.72	322
090_8qHOhKZViSY-083	33.98	1019
090_8qHOhKZViSY-084	20.14	604
090_8qHOhKZViSY-085	40.0	1200
090_8qHOhKZViSY-086	20.38	611
091_fyHQ8tHEOBY-023	16.08	482
091_fyHQ8tHEOBY-024	4.32	130
091_fyHQ8tHEOBY-025	44.92	1348
091_fyHQ8tHEOBY-026	7.14	214
091_fyHQ8tHEOBY-027	5.48	164
091_fyHQ8tHEOBY-029	3.8	114
091_fyHQ8tHEOBY-030	11.96	359
091_fyHQ8tHEOBY-031	18.7	561
091_fyHQ8tHEOBY-032	8.2	246
091_fyHQ8tHEOBY-033	35.66	1070
091_fyHQ8tHEOBY-034	24.38	731
091_fyHQ8tHEOBY-035	21.56	647
091_fyHQ8tHEOBY-036	5.88	176
091_fyHQ8tHEOBY-037	18.96	569
091_fyHQ8tHEOBY-038	27.8	834
091_fyHQ8tHEOBY-039	34.8	1044
091_fyHQ8tHEOBY-040	44.5	1335
091_fyHQ8tHEOBY-042	15.32	460
091_fyHQ8tHEOBY-043	21.82	655
091_fyHQ8tHEOBY-044	6.74	202
091_fyHQ8tHEOBY-045	9.2	276
091_fyHQ8tHEOBY-046	14.6	438
091_fyHQ8tHEOBY-047	9.16	275
091_fyHQ8tHEOBY-048	24.62	739
091_fyHQ8tHEOBY-049	9.96	299
091_fyHQ8tHEOBY-050	8.6	258
091_fyHQ8tHEOBY-051	75.86	2276
091_fyHQ8tHEOBY-053	8.16	245
091_fyHQ8tHEOBY-054	32.42	973
091_fyHQ8tHEOBY-055	18.7	561
091_fyHQ8tHEOBY-056	10.64	319
091_fyHQ8tHEOBY-057	14.68	440
091_fyHQ8tHEOBY-058	14.92	448
091_fyHQ8tHEOBY-059	13.92	418
091_fyHQ8tHEOBY-060	27.44	823
091_fyHQ8tHEOBY-061	47.5	1425
091_fyHQ8tHEOBY-062	17.5	525
091_fyHQ8tHEOBY-063	17.04	511
091_fyHQ8tHEOBY-065	28.14	844
091_fyHQ8tHEOBY-066	7.76	233
091_fyHQ8tHEOBY-067	6.24	187
091_fyHQ8tHEOBY-068	7.9	237
091_fyHQ8tHEOBY-069	5.2	156
091_fyHQ8tHEOBY-070	26.64	799
091_fyHQ8tHEOBY-072	5.42	163
091_fyHQ8tHEOBY-073	56.68	1700
091_fyHQ8tHEOBY-074	20.2	606
091_fyHQ8tHEOBY-075	9.44	283
091_fyHQ8tHEOBY-076	8.06	242
091_fyHQ8tHEOBY-078	20.86	626
091_fyHQ8tHEOBY-079	16.56	497
091_fyHQ8tHEOBY-081	17.62	529
091_fyHQ8tHEOBY-082	4.64	139
091_fyHQ8tHEOBY-083	20.42	613
091_fyHQ8tHEOBY-084	31.96	959
091_fyHQ8tHEOBY-085	8.8	264
091_fyHQ8tHEOBY-086	4.08	122
091_fyHQ8tHEOBY-087	4.5	135
091_fyHQ8tHEOBY-089	42.72	1282
091_fyHQ8tHEOBY-090	9.88	296
091_fyHQ8tHEOBY-092	24.02	721
091_fyHQ8tHEOBY-093	8.8	264
091_fyHQ8tHEOBY-095	4.9	147
091_fyHQ8tHEOBY-096	4.26	128
091_fyHQ8tHEOBY-097	35.94	1078
091_fyHQ8tHEOBY-100	41.24	1237
091_fyHQ8tHEOBY-102	11.02	331
091_fyHQ8tHEOBY-103	18.88	566
091_fyHQ8tHEOBY-104	4.0	120
091_fyHQ8tHEOBY-105	20.08	602
091_fyHQ8tHEOBY-107	21.54	646
091_fyHQ8tHEOBY-109	14.94	448
091_fyHQ8tHEOBY-110	5.34	160
091_fyHQ8tHEOBY-111	10.52	316
091_fyHQ8tHEOBY-112	7.92	238
091_fyHQ8tHEOBY-114	9.58	287
091_fyHQ8tHEOBY-115	45.72	1372
091_fyHQ8tHEOBY-119	37.98	1139
091_fyHQ8tHEOBY-120	8.74	262
091_fyHQ8tHEOBY-123	25.82	775
093_zo1lvC0OhaQ-027	13.0	390
093_zo1lvC0OhaQ-029	7.0	210
093_zo1lvC0OhaQ-030	4.34	130
093_zo1lvC0OhaQ-031	14.54	436
093_zo1lvC0OhaQ-032	6.28	188
093_zo1lvC0OhaQ-033	11.64	349
093_zo1lvC0OhaQ-034	25.08	752
093_zo1lvC0OhaQ-035	9.44	283
093_zo1lvC0OhaQ-036	11.88	356
093_zo1lvC0OhaQ-038	8.06	242
093_zo1lvC0OhaQ-040	33.04	991
093_zo1lvC0OhaQ-041	32.06	962
093_zo1lvC0OhaQ-042	8.08	242
093_zo1lvC0OhaQ-043	8.42	253
093_zo1lvC0OhaQ-044	13.54	406
093_zo1lvC0OhaQ-045	3.82	115
093_zo1lvC0OhaQ-046	21.9	657
093_zo1lvC0OhaQ-047	17.64	529
093_zo1lvC0OhaQ-048	29.24	877
093_zo1lvC0OhaQ-049	22.34	670
093_zo1lvC0OhaQ-051	6.78	203
093_zo1lvC0OhaQ-052	14.9	447
093_zo1lvC0OhaQ-053	3.8	114
093_zo1lvC0OhaQ-054	39.34	1180
093_zo1lvC0OhaQ-055	5.66	170
093_zo1lvC0OhaQ-056	40.44	1213
093_zo1lvC0OhaQ-057	30.14	904
093_zo1lvC0OhaQ-058	23.4	702
093_zo1lvC0OhaQ-059	72.76	2183
093_zo1lvC0OhaQ-060	32.18	965
093_zo1lvC0OhaQ-061	55.9	1677
093_zo1lvC0OhaQ-062	6.2	186
093_zo1lvC0OhaQ-063	5.34	160
093_zo1lvC0OhaQ-064	16.98	509
093_zo1lvC0OhaQ-065	5.66	170
093_zo1lvC0OhaQ-066	30.2	906
093_zo1lvC0OhaQ-067	126.78	3803
093_zo1lvC0OhaQ-068	20.34	610
093_zo1lvC0OhaQ-070	30.78	923
093_zo1lvC0OhaQ-071	28.18	845
093_zo1lvC0OhaQ-072	9.3	279
093_zo1lvC0OhaQ-073	8.56	257
093_zo1lvC0OhaQ-074	43.06	1292
093_zo1lvC0OhaQ-075	54.24	1627
093_zo1lvC0OhaQ-076	4.66	140
093_zo1lvC0OhaQ-077	8.44	253
093_zo1lvC0OhaQ-078	27.4	822
093_zo1lvC0OhaQ-079	32.68	980
093_zo1lvC0OhaQ-080	3.78	113
093_zo1lvC0OhaQ-082	20.66	620
093_zo1lvC0OhaQ-083	8.14	244
093_zo1lvC0OhaQ-084	26.9	807
093_zo1lvC0OhaQ-086	7.14	214
093_zo1lvC0OhaQ-088	21.24	637
093_zo1lvC0OhaQ-089	116.32	3490
093_zo1lvC0OhaQ-090	6.5	195
093_zo1lvC0OhaQ-091	53.98	1619
093_zo1lvC0OhaQ-092	27.76	833
093_zo1lvC0OhaQ-093	66.38	1991
094_SsNlwc2hkRA-025	16.12	484
094_SsNlwc2hkRA-026	4.3	129
094_SsNlwc2hkRA-027	15.78	473
094_SsNlwc2hkRA-029	57.18	1715
094_SsNlwc2hkRA-030	6.92	208
094_SsNlwc2hkRA-031	6.76	203
094_SsNlwc2hkRA-032	37.96	1139
094_SsNlwc2hkRA-033	35.88	1076
094_SsNlwc2hkRA-034	42.22	1267
094_SsNlwc2hkRA-035	49.8	1494
094_SsNlwc2hkRA-036	17.98	539
094_SsNlwc2hkRA-037	19.38	581
094_SsNlwc2hkRA-038	6.36	191
094_SsNlwc2hkRA-039	20.46	614
094_SsNlwc2hkRA-040	18.64	559
094_SsNlwc2hkRA-041	4.1	123
094_SsNlwc2hkRA-042	3.64	109
094_SsNlwc2hkRA-043	16.12	484
094_SsNlwc2hkRA-046	24.84	745
094_SsNlwc2hkRA-047	22.16	665
094_SsNlwc2hkRA-048	13.92	418
094_SsNlwc2hkRA-049	5.8	174
094_SsNlwc2hkRA-051	11.02	331
094_SsNlwc2hkRA-052	6.82	205
094_SsNlwc2hkRA-053	66.58	1997
094_SsNlwc2hkRA-054	4.16	125
094_SsNlwc2hkRA-055	5.46	164
094_SsNlwc2hkRA-056	115.0	3450
094_SsNlwc2hkRA-058	9.86	296
094_SsNlwc2hkRA-059	8.78	263
094_SsNlwc2hkRA-060	21.64	649
094_SsNlwc2hkRA-062	6.18	185
094_SsNlwc2hkRA-063	12.46	374
094_SsNlwc2hkRA-064	16.64	499
094_SsNlwc2hkRA-066	26.36	791
094_SsNlwc2hkRA-067	17.96	539
094_SsNlwc2hkRA-068	7.64	229
094_SsNlwc2hkRA-069	21.64	649
094_SsNlwc2hkRA-070	65.14	1954
094_SsNlwc2hkRA-071	79.96	2399
094_SsNlwc2hkRA-072	41.86	1256
094_SsNlwc2hkRA-074	56.42	1693
094_SsNlwc2hkRA-075	19.22	577
094_SsNlwc2hkRA-078	176.08	5282
094_SsNlwc2hkRA-080	172.86	5186
095_JidvP0MoAUE-020	25.92	778
095_JidvP0MoAUE-021	5.82	175
095_JidvP0MoAUE-022	34.0	1020
095_JidvP0MoAUE-023	6.68	200
095_JidvP0MoAUE-024	18.16	545
095_JidvP0MoAUE-025	9.8	294
095_JidvP0MoAUE-026	7.56	227
095_JidvP0MoAUE-027	9.86	296
095_JidvP0MoAUE-029	24.58	737
095_JidvP0MoAUE-030	3.92	118
095_JidvP0MoAUE-031	23.48	704
095_JidvP0MoAUE-032	22.7	681
095_JidvP0MoAUE-033	5.48	164
095_JidvP0MoAUE-034	4.7	141
095_JidvP0MoAUE-035	9.64	289
095_JidvP0MoAUE-036	26.92	808
095_JidvP0MoAUE-038	6.24	187
095_JidvP0MoAUE-039	11.48	344
095_JidvP0MoAUE-040	6.3	189
095_JidvP0MoAUE-041	3.74	112
095_JidvP0MoAUE-042	24.38	731
095_JidvP0MoAUE-045	21.08	632
095_JidvP0MoAUE-046	46.54	1396
095_JidvP0MoAUE-048	5.14	154
095_JidvP0MoAUE-049	35.46	1064
095_JidvP0MoAUE-050	30.26	908
095_JidvP0MoAUE-051	55.66	1670
095_JidvP0MoAUE-052	11.32	340
095_JidvP0MoAUE-053	8.72	262
095_JidvP0MoAUE-054	7.5	225
095_JidvP0MoAUE-055	95.26	2858
095_JidvP0MoAUE-056	48.78	1463
095_JidvP0MoAUE-057	8.26	248
095_JidvP0MoAUE-058	8.64	259
095_JidvP0MoAUE-059	11.02	331
095_JidvP0MoAUE-061	7.34	220
095_JidvP0MoAUE-062	10.68	320
095_JidvP0MoAUE-063	5.84	175
095_JidvP0MoAUE-064	6.68	200
095_JidvP0MoAUE-065	19.16	575
095_JidvP0MoAUE-066	62.02	1861
095_JidvP0MoAUE-067	26.42	793
095_JidvP0MoAUE-068	9.96	299
095_JidvP0MoAUE-070	22.1	663
095_JidvP0MoAUE-071	15.98	479
095_JidvP0MoAUE-072	29.7	891
095_JidvP0MoAUE-073	23.76	713
095_JidvP0MoAUE-075	5.26	158
095_JidvP0MoAUE-076	24.0	720
095_JidvP0MoAUE-078	32.48	974
095_JidvP0MoAUE-079	4.32	130
095_JidvP0MoAUE-080	7.48	224
095_JidvP0MoAUE-081	52.28	1568
095_JidvP0MoAUE-082	5.98	179
095_JidvP0MoAUE-083	180.16	5405
095_JidvP0MoAUE-084	17.52	526
095_JidvP0MoAUE-087	13.72	412
095_JidvP0MoAUE-089	67.26	2018
096_AAHzm4TtqGE-019	16.76	503
096_AAHzm4TtqGE-020	15.32	460
096_AAHzm4TtqGE-021	6.98	209
096_AAHzm4TtqGE-022	5.84	175
096_AAHzm4TtqGE-023	9.46	284
096_AAHzm4TtqGE-024	15.22	457
096_AAHzm4TtqGE-025	59.62	1789
096_AAHzm4TtqGE-026	24.14	724
096_AAHzm4TtqGE-027	12.48	374
096_AAHzm4TtqGE-029	54.46	1634
096_AAHzm4TtqGE-030	18.32	550
096_AAHzm4TtqGE-031	21.4	642
096_AAHzm4TtqGE-032	35.52	1066
096_AAHzm4TtqGE-033	3.72	112
096_AAHzm4TtqGE-034	48.0	1440
096_AAHzm4TtqGE-035	58.02	1741
096_AAHzm4TtqGE-036	14.22	427
096_AAHzm4TtqGE-039	14.38	431
096_AAHzm4TtqGE-040	9.66	290
096_AAHzm4TtqGE-041	20.26	608
096_AAHzm4TtqGE-042	57.04	1711
096_AAHzm4TtqGE-043	19.94	598
096_AAHzm4TtqGE-044	10.14	304
096_AAHzm4TtqGE-045	44.14	1324
096_AAHzm4TtqGE-046	60.94	1828
096_AAHzm4TtqGE-047	65.22	1957
096_AAHzm4TtqGE-049	14.48	434
096_AAHzm4TtqGE-051	27.66	830
096_AAHzm4TtqGE-052	31.42	943
096_AAHzm4TtqGE-053	38.88	1166
096_AAHzm4TtqGE-055	26.16	785
096_AAHzm4TtqGE-056	17.88	536
096_AAHzm4TtqGE-057	24.84	745
096_AAHzm4TtqGE-058	12.08	362
096_AAHzm4TtqGE-059	75.78	2273
096_AAHzm4TtqGE-060	24.08	722
096_AAHzm4TtqGE-061	8.64	259
096_AAHzm4TtqGE-062	51.02	1531
096_AAHzm4TtqGE-063	79.2	2376
096_AAHzm4TtqGE-064	10.12	304
096_AAHzm4TtqGE-065	26.32	790
096_AAHzm4TtqGE-066	96.7	2901
096_AAHzm4TtqGE-067	88.76	2663
096_AAHzm4TtqGE-070	37.76	1133
096_AAHzm4TtqGE-071	26.08	782
096_AAHzm4TtqGE-072	31.16	935
097_pbFutL3nDX8-009	24.7	741
097_pbFutL3nDX8-010	37.84	1135
097_pbFutL3nDX8-011	54.12	1624
097_pbFutL3nDX8-012	11.44	343
097_pbFutL3nDX8-013	35.5	1065
097_pbFutL3nDX8-014	15.02	451
097_pbFutL3nDX8-015	9.2	276
097_pbFutL3nDX8-016	5.54	166
097_pbFutL3nDX8-017	6.26	188
097_pbFutL3nDX8-019	5.82	175
097_pbFutL3nDX8-020	17.56	527
097_pbFutL3nDX8-021	17.76	533
097_pbFutL3nDX8-022	45.16	1355
097_pbFutL3nDX8-023	12.44	373
097_pbFutL3nDX8-024	27.84	835
097_pbFutL3nDX8-025	26.88	806
097_pbFutL3nDX8-026	3.96	119
097_pbFutL3nDX8-027	27.94	838
097_pbFutL3nDX8-029	5.4	162
097_pbFutL3nDX8-030	8.62	259
097_pbFutL3nDX8-031	4.16	125
097_pbFutL3nDX8-033	17.54	526
097_pbFutL3nDX8-034	6.86	206
097_pbFutL3nDX8-035	30.64	919
097_pbFutL3nDX8-036	15.52	466
097_pbFutL3nDX8-037	47.84	1435
097_pbFutL3nDX8-039	4.44	133
097_pbFutL3nDX8-040	4.88	146
097_pbFutL3nDX8-042	5.46	164
097_pbFutL3nDX8-043	31.54	946
097_pbFutL3nDX8-045	9.08	272
097_pbFutL3nDX8-046	7.48	224
097_pbFutL3nDX8-047	43.46	1304
097_pbFutL3nDX8-048	44.92	1348
097_pbFutL3nDX8-049	15.04	451
097_pbFutL3nDX8-050	19.5	585
097_pbFutL3nDX8-051	3.74	112
097_pbFutL3nDX8-052	10.36	311
097_pbFutL3nDX8-054	25.74	772
097_pbFutL3nDX8-055	34.4	1032
097_pbFutL3nDX8-057	12.88	386
097_pbFutL3nDX8-058	46.18	1385
097_pbFutL3nDX8-059	33.64	1009
097_pbFutL3nDX8-060	10.22	307
097_pbFutL3nDX8-061	6.62	199
097_pbFutL3nDX8-062	18.4	552
097_pbFutL3nDX8-063	13.32	400
097_pbFutL3nDX8-064	20.18	605
097_pbFutL3nDX8-065	43.34	1300
097_pbFutL3nDX8-066	82.76	2483
097_pbFutL3nDX8-067	3.78	113
097_pbFutL3nDX8-069	26.22	787
097_pbFutL3nDX8-070	10.5	315
097_pbFutL3nDX8-072	8.86	266
097_pbFutL3nDX8-075	35.86	1076
097_pbFutL3nDX8-076	22.38	671
097_pbFutL3nDX8-078	26.88	806
097_pbFutL3nDX8-079	5.34	160
097_pbFutL3nDX8-081	25.2	756
097_pbFutL3nDX8-082	27.7	831
097_pbFutL3nDX8-084	8.22	247
097_pbFutL3nDX8-087	26.84	805
097_pbFutL3nDX8-088	48.14	1444
097_pbFutL3nDX8-089	26.3	789
097_pbFutL3nDX8-090	5.36	161
097_pbFutL3nDX8-092	12.3	369
097_pbFutL3nDX8-093	95.7	2871
097_pbFutL3nDX8-095	9.54	286
097_pbFutL3nDX8-096	68.02	2041
097_pbFutL3nDX8-097	60.7	1821
097_pbFutL3nDX8-099	6.66	200
097_pbFutL3nDX8-100	8.72	262
097_pbFutL3nDX8-102	20.04	601
097_pbFutL3nDX8-103	19.3	579
097_pbFutL3nDX8-104	32.64	979
097_pbFutL3nDX8-105	26.38	791
097_pbFutL3nDX8-106	17.64	529
097_pbFutL3nDX8-107	92.26	2768
098_PCCagm05yvI-016	9.48	284
098_PCCagm05yvI-017	4.4	132
098_PCCagm05yvI-018	27.16	815
098_PCCagm05yvI-019	42.26	1268
098_PCCagm05yvI-020	15.5	465
098_PCCagm05yvI-021	3.82	115
098_PCCagm05yvI-022	12.9	387
098_PCCagm05yvI-023	5.1	153
098_PCCagm05yvI-024	5.58	167
098_PCCagm05yvI-025	52.68	1580
098_PCCagm05yvI-026	9.26	278
098_PCCagm05yvI-027	14.18	425
098_PCCagm05yvI-028	73.52	2206
098_PCCagm05yvI-029	22.96	689
098_PCCagm05yvI-030	10.84	325
098_PCCagm05yvI-031	24.04	721
098_PCCagm05yvI-032	7.14	214
098_PCCagm05yvI-033	35.96	1079
098_PCCagm05yvI-034	12.68	380
098_PCCagm05yvI-035	16.32	490
098_PCCagm05yvI-036	5.96	179
098_PCCagm05yvI-039	13.62	409
098_PCCagm05yvI-040	60.32	1810
098_PCCagm05yvI-041	32.4	972
098_PCCagm05yvI-042	24.98	749
098_PCCagm05yvI-043	70.82	2125
098_PCCagm05yvI-044	50.7	1521
098_PCCagm05yvI-045	10.76	323
098_PCCagm05yvI-046	27.46	824
098_PCCagm05yvI-047	22.16	665
098_PCCagm05yvI-049	8.24	247
098_PCCagm05yvI-050	25.26	758
098_PCCagm05yvI-051	23.58	707
098_PCCagm05yvI-053	30.44	913
098_PCCagm05yvI-055	47.46	1424
098_PCCagm05yvI-056	9.46	284
098_PCCagm05yvI-058	4.82	145
098_PCCagm05yvI-059	20.9	627
098_PCCagm05yvI-060	50.14	1504
098_PCCagm05yvI-061	6.38	191
098_PCCagm05yvI-062	12.46	374
098_PCCagm05yvI-063	16.34	490
098_PCCagm05yvI-066	8.82	265
098_PCCagm05yvI-067	7.78	233
098_PCCagm05yvI-068	81.62	2449
098_PCCagm05yvI-070	5.32	160
098_PCCagm05yvI-072	53.92	1618
098_PCCagm05yvI-074	44.52	1336
098_PCCagm05yvI-075	11.32	340
098_PCCagm05yvI-076	31.9	957
098_PCCagm05yvI-077	9.88	296
098_PCCagm05yvI-078	76.6	2298
098_PCCagm05yvI-079	6.56	197
098_PCCagm05yvI-080	30.54	916
098_PCCagm05yvI-081	132.26	3968
098_PCCagm05yvI-082	59.4	1782
098_PCCagm05yvI-083	25.24	757
098_PCCagm05yvI-084	48.44	1453
098_PCCagm05yvI-087	11.38	341
098_PCCagm05yvI-088	96.52	2896
098_PCCagm05yvI-089	8.72	262
098_PCCagm05yvI-090	121.62	3649
098_PCCagm05yvI-091	11.26	338
098_PCCagm05yvI-093	42.08	1262
099_-zS9A-rPMhU-026	10.14	304
099_-zS9A-rPMhU-027	26.96	809
099_-zS9A-rPMhU-059	22.08	662
099_-zS9A-rPMhU-060	15.86	476
099_-zS9A-rPMhU-061	23.9	717
099_-zS9A-rPMhU-062	33.6	1008
099_-zS9A-rPMhU-063	35.76	1073
099_-zS9A-rPMhU-064	6.92	208
099_-zS9A-rPMhU-065	6.62	199
099_-zS9A-rPMhU-066	125.9	3777
099_-zS9A-rPMhU-067	53.48	1604
099_-zS9A-rPMhU-068	15.56	467
099_-zS9A-rPMhU-069	16.08	482
099_-zS9A-rPMhU-070	18.4	552
099_-zS9A-rPMhU-071	10.26	308
099_-zS9A-rPMhU-072	15.28	458
099_-zS9A-rPMhU-073	16.02	481
099_-zS9A-rPMhU-074	10.64	319
099_-zS9A-rPMhU-075	18.9	567
099_-zS9A-rPMhU-076	29.36	881
099_-zS9A-rPMhU-078	20.74	622
099_-zS9A-rPMhU-079	12.22	367
099_-zS9A-rPMhU-080	10.44	313
099_-zS9A-rPMhU-081	6.46	194
099_-zS9A-rPMhU-082	93.06	2792
099_-zS9A-rPMhU-083	68.18	2045
099_-zS9A-rPMhU-084	18.08	542
099_-zS9A-rPMhU-085	58.26	1748
099_-zS9A-rPMhU-086	18.7	561
099_-zS9A-rPMhU-087	49.88	1496
100_uM4JRw_yKV8-017	51.18	1535
100_uM4JRw_yKV8-018	16.38	491
100_uM4JRw_yKV8-019	5.28	158
100_uM4JRw_yKV8-020	12.84	385
100_uM4JRw_yKV8-021	40.88	1226
100_uM4JRw_yKV8-022	23.28	698
100_uM4JRw_yKV8-023	17.76	533
100_uM4JRw_yKV8-024	9.96	299
100_uM4JRw_yKV8-025	54.62	1639
100_uM4JRw_yKV8-026	17.74	532
100_uM4JRw_yKV8-027	43.72	1312
100_uM4JRw_yKV8-028	8.06	242
100_uM4JRw_yKV8-029	24.3	729
100_uM4JRw_yKV8-030	15.9	477
100_uM4JRw_yKV8-031	11.66	350
100_uM4JRw_yKV8-032	7.3	219
100_uM4JRw_yKV8-033	8.76	263
100_uM4JRw_yKV8-034	19.24	577
100_uM4JRw_yKV8-035	28.78	863
100_uM4JRw_yKV8-036	22.76	683
100_uM4JRw_yKV8-038	12.42	373
100_uM4JRw_yKV8-039	31.08	932
100_uM4JRw_yKV8-040	5.48	164
100_uM4JRw_yKV8-041	22.78	683
100_uM4JRw_yKV8-042	35.42	1063
100_uM4JRw_yKV8-045	13.9	417
100_uM4JRw_yKV8-046	24.66	740
100_uM4JRw_yKV8-047	39.36	1181
100_uM4JRw_yKV8-048	11.88	356
100_uM4JRw_yKV8-049	26.34	790
100_uM4JRw_yKV8-050	11.74	352
100_uM4JRw_yKV8-051	53.76	1613
100_uM4JRw_yKV8-053	9.98	299
100_uM4JRw_yKV8-054	21.82	655
100_uM4JRw_yKV8-055	27.84	835
100_uM4JRw_yKV8-056	10.62	319
100_uM4JRw_yKV8-059	13.66	410
100_uM4JRw_yKV8-060	20.92	628
100_uM4JRw_yKV8-061	89.0	2670
100_uM4JRw_yKV8-063	7.86	236
100_uM4JRw_yKV8-064	20.3	609
100_uM4JRw_yKV8-065	12.0	360
100_uM4JRw_yKV8-066	72.92	2188
100_uM4JRw_yKV8-067	14.38	431
100_uM4JRw_yKV8-069	134.12	4024
100_uM4JRw_yKV8-070	43.22	1297
100_uM4JRw_yKV8-071	11.52	346
100_uM4JRw_yKV8-072	16.4	492
100_uM4JRw_yKV8-073	14.94	448
100_uM4JRw_yKV8-075	4.34	130
100_uM4JRw_yKV8-076	175.52	5266
100_uM4JRw_yKV8-079	19.58	587
100_uM4JRw_yKV8-080	13.8	414
100_uM4JRw_yKV8-081	48.1	1443
100_uM4JRw_yKV8-083	7.02	211
100_uM4JRw_yKV8-084	69.6	2088
101_TCi9fEzDaSA-016	41.34	1240
101_TCi9fEzDaSA-017	11.18	335
101_TCi9fEzDaSA-019	25.46	764
101_TCi9fEzDaSA-020	9.92	298
101_TCi9fEzDaSA-021	30.84	925
101_TCi9fEzDaSA-022	28.44	853
101_TCi9fEzDaSA-023	5.96	179
101_TCi9fEzDaSA-024	12.02	361
101_TCi9fEzDaSA-026	6.32	190
101_TCi9fEzDaSA-027	31.9	957
101_TCi9fEzDaSA-029	19.64	589
101_TCi9fEzDaSA-030	20.92	628
101_TCi9fEzDaSA-032	12.34	370
101_TCi9fEzDaSA-033	24.12	724
101_TCi9fEzDaSA-034	17.42	523
101_TCi9fEzDaSA-035	48.16	1445
101_TCi9fEzDaSA-036	18.74	562
101_TCi9fEzDaSA-037	4.08	122
101_TCi9fEzDaSA-038	56.56	1697
101_TCi9fEzDaSA-040	22.16	665
101_TCi9fEzDaSA-041	30.02	901
101_TCi9fEzDaSA-043	6.9	207
101_TCi9fEzDaSA-045	22.42	673
101_TCi9fEzDaSA-046	25.08	752
101_TCi9fEzDaSA-047	23.48	704
101_TCi9fEzDaSA-048	68.24	2047
101_TCi9fEzDaSA-049	77.44	2323
101_TCi9fEzDaSA-051	21.58	647
101_TCi9fEzDaSA-052	13.74	412
101_TCi9fEzDaSA-053	30.54	916
101_TCi9fEzDaSA-054	32.64	979
101_TCi9fEzDaSA-055	23.12	694
101_TCi9fEzDaSA-056	35.26	1058
101_TCi9fEzDaSA-058	10.54	316
101_TCi9fEzDaSA-060	17.66	530
101_TCi9fEzDaSA-061	6.46	194
101_TCi9fEzDaSA-062	9.64	289
101_TCi9fEzDaSA-063	67.98	2039
101_TCi9fEzDaSA-065	85.34	2560
102_ibkNWcx1YiI-025	58.42	1753
102_ibkNWcx1YiI-027	104.54	3136
102_ibkNWcx1YiI-028	22.56	677
102_ibkNWcx1YiI-029	22.94	688
102_ibkNWcx1YiI-030	19.46	584
102_ibkNWcx1YiI-031	20.62	619
102_ibkNWcx1YiI-032	21.52	646
102_ibkNWcx1YiI-033	5.44	163
102_ibkNWcx1YiI-034	5.26	158
102_ibkNWcx1YiI-035	33.08	992
102_ibkNWcx1YiI-036	46.1	1383
102_ibkNWcx1YiI-037	22.68	680
102_ibkNWcx1YiI-038	27.7	831
102_ibkNWcx1YiI-039	13.58	407
102_ibkNWcx1YiI-040	46.76	1403
102_ibkNWcx1YiI-041	17.86	536
102_ibkNWcx1YiI-042	26.3	789
102_ibkNWcx1YiI-043	15.64	469
102_ibkNWcx1YiI-044	9.84	295
102_ibkNWcx1YiI-045	6.62	199
102_ibkNWcx1YiI-046	78.68	2360
102_ibkNWcx1YiI-048	6.42	193
102_ibkNWcx1YiI-049	14.9	447
102_ibkNWcx1YiI-051	28.02	841
102_ibkNWcx1YiI-052	9.16	275
102_ibkNWcx1YiI-055	15.58	467
102_ibkNWcx1YiI-056	20.94	628
102_ibkNWcx1YiI-057	30.68	920
102_ibkNWcx1YiI-058	5.84	175
102_ibkNWcx1YiI-059	27.34	820
102_ibkNWcx1YiI-060	30.6	918
102_ibkNWcx1YiI-061	33.32	1000
102_ibkNWcx1YiI-062	59.2	1776
102_ibkNWcx1YiI-063	51.14	1534
102_ibkNWcx1YiI-064	8.22	247
102_ibkNWcx1YiI-065	65.22	1957
102_ibkNWcx1YiI-066	47.5	1425
102_ibkNWcx1YiI-067	19.44	583
102_ibkNWcx1YiI-068	27.86	836
102_ibkNWcx1YiI-071	27.22	817
102_ibkNWcx1YiI-072	9.2	276
102_ibkNWcx1YiI-073	18.14	544
102_ibkNWcx1YiI-074	89.58	2687
102_ibkNWcx1YiI-075	13.56	407
102_ibkNWcx1YiI-076	4.44	133
102_ibkNWcx1YiI-077	4.34	130
102_ibkNWcx1YiI-078	15.8	474
102_ibkNWcx1YiI-079	253.46	7604
102_ibkNWcx1YiI-080	38.7	1161
102_ibkNWcx1YiI-081	4.88	146
102_ibkNWcx1YiI-082	3.7	111
102_ibkNWcx1YiI-083	16.0	480
102_ibkNWcx1YiI-084	19.24	577
102_ibkNWcx1YiI-085	20.74	622
102_ibkNWcx1YiI-086	25.54	766
102_ibkNWcx1YiI-088	4.14	124
102_ibkNWcx1YiI-091	4.42	133
102_ibkNWcx1YiI-092	29.36	881
102_ibkNWcx1YiI-093	23.4	702
102_ibkNWcx1YiI-095	5.6	168
102_ibkNWcx1YiI-096	10.36	311
103_5cvcEkLhhTI-027	22.52	676
103_5cvcEkLhhTI-028	10.34	310
103_5cvcEkLhhTI-029	13.18	395
103_5cvcEkLhhTI-030	12.26	368
103_5cvcEkLhhTI-031	14.88	446
103_5cvcEkLhhTI-032	11.52	346
103_5cvcEkLhhTI-033	57.08	1712
103_5cvcEkLhhTI-034	65.44	1963
103_5cvcEkLhhTI-035	24.28	728
103_5cvcEkLhhTI-036	19.68	590
103_5cvcEkLhhTI-037	22.5	675
103_5cvcEkLhhTI-038	19.78	593
103_5cvcEkLhhTI-039	5.92	178
103_5cvcEkLhhTI-040	11.86	356
103_5cvcEkLhhTI-041	33.1	993
103_5cvcEkLhhTI-042	12.9	387
103_5cvcEkLhhTI-043	220.28	6608
103_5cvcEkLhhTI-045	20.34	610
103_5cvcEkLhhTI-046	43.74	1312
103_5cvcEkLhhTI-047	18.22	547
103_5cvcEkLhhTI-048	6.22	187
103_5cvcEkLhhTI-050	14.44	433
103_5cvcEkLhhTI-052	53.02	1591
103_5cvcEkLhhTI-053	16.46	494
103_5cvcEkLhhTI-054	111.52	3346
103_5cvcEkLhhTI-055	38.14	1144
103_5cvcEkLhhTI-056	42.8	1284
103_5cvcEkLhhTI-057	61.36	1841
103_5cvcEkLhhTI-058	25.04	751
103_5cvcEkLhhTI-060	22.62	679
103_5cvcEkLhhTI-061	73.84	2215
103_5cvcEkLhhTI-062	26.18	785
103_5cvcEkLhhTI-063	26.84	805
103_5cvcEkLhhTI-064	14.62	439
103_5cvcEkLhhTI-065	50.12	1504
103_5cvcEkLhhTI-066	8.7	261
103_5cvcEkLhhTI-067	14.64	439
103_5cvcEkLhhTI-068	7.44	223
103_5cvcEkLhhTI-070	60.04	1801
103_5cvcEkLhhTI-071	28.2	846
103_5cvcEkLhhTI-072	11.12	334
103_5cvcEkLhhTI-073	7.08	212
103_5cvcEkLhhTI-074	82.46	2474
103_5cvcEkLhhTI-076	9.46	284
103_5cvcEkLhhTI-077	104.44	3133
103_5cvcEkLhhTI-078	82.62	2479
103_5cvcEkLhhTI-079	68.14	2044
103_5cvcEkLhhTI-080	7.26	218
103_5cvcEkLhhTI-081	48.64	1459
103_5cvcEkLhhTI-082	53.18	1595
103_5cvcEkLhhTI-083	33.18	995
103_5cvcEkLhhTI-084	33.66	1010
103_5cvcEkLhhTI-088	79.42	2383
104_jABEIrBqPzU-020	6.64	199
104_jABEIrBqPzU-021	17.76	533
104_jABEIrBqPzU-022	6.36	191
104_jABEIrBqPzU-023	17.78	533
104_jABEIrBqPzU-025	41.96	1259
104_jABEIrBqPzU-026	17.72	532
104_jABEIrBqPzU-027	44.34	1330
104_jABEIrBqPzU-028	6.76	203
104_jABEIrBqPzU-030	22.68	680
104_jABEIrBqPzU-031	7.78	233
104_jABEIrBqPzU-032	42.2	1266
104_jABEIrBqPzU-033	25.96	779
104_jABEIrBqPzU-035	21.58	647
104_jABEIrBqPzU-036	12.34	370
104_jABEIrBqPzU-037	18.1	543
104_jABEIrBqPzU-038	67.88	2036
104_jABEIrBqPzU-040	7.28	218
104_jABEIrBqPzU-041	27.72	832
104_jABEIrBqPzU-042	5.12	154
104_jABEIrBqPzU-043	8.1	243
104_jABEIrBqPzU-044	9.56	287
104_jABEIrBqPzU-045	30.18	905
104_jABEIrBqPzU-046	79.84	2395
104_jABEIrBqPzU-048	69.0	2070
104_jABEIrBqPzU-049	37.6	1128
104_jABEIrBqPzU-050	28.2	846
104_jABEIrBqPzU-051	11.88	356
104_jABEIrBqPzU-052	7.4	222
104_jABEIrBqPzU-053	72.62	2179
104_jABEIrBqPzU-054	28.76	863
104_jABEIrBqPzU-055	19.4	582
104_jABEIrBqPzU-056	12.72	382
104_jABEIrBqPzU-057	45.54	1366
104_jABEIrBqPzU-058	16.92	508
104_jABEIrBqPzU-059	13.26	398
104_jABEIrBqPzU-060	14.04	421
104_jABEIrBqPzU-062	11.12	334
104_jABEIrBqPzU-063	84.88	2546
104_jABEIrBqPzU-065	65.48	1964
104_jABEIrBqPzU-067	10.44	313
104_jABEIrBqPzU-069	41.04	1231
104_jABEIrBqPzU-071	88.06	2642
104_jABEIrBqPzU-073	9.64	289
104_jABEIrBqPzU-074	40.78	1223
104_jABEIrBqPzU-075	25.4	762
104_jABEIrBqPzU-076	9.34	280
104_jABEIrBqPzU-077	81.58	2447
104_jABEIrBqPzU-078	12.36	371
104_jABEIrBqPzU-079	7.76	233
104_jABEIrBqPzU-080	4.62	139
104_jABEIrBqPzU-081	31.78	953
104_jABEIrBqPzU-086	11.24	337
104_jABEIrBqPzU-088	10.18	305
104_jABEIrBqPzU-090	97.04	2911
105_iz1IkgRNDws-025	16.6	498
105_iz1IkgRNDws-026	12.42	373
105_iz1IkgRNDws-027	69.88	2096
105_iz1IkgRNDws-028	52.46	1574
105_iz1IkgRNDws-029	12.84	385
105_iz1IkgRNDws-030	22.6	678
105_iz1IkgRNDws-032	26.18	785
105_iz1IkgRNDws-033	4.82	145
105_iz1IkgRNDws-034	20.0	600
105_iz1IkgRNDws-035	40.08	1202
105_iz1IkgRNDws-036	37.76	1133
105_iz1IkgRNDws-037	70.9	2127
105_iz1IkgRNDws-038	9.44	283
105_iz1IkgRNDws-039	23.14	694
105_iz1IkgRNDws-040	125.74	3772
105_iz1IkgRNDws-041	9.7	291
105_iz1IkgRNDws-042	26.66	800
105_iz1IkgRNDws-044	32.46	974
105_iz1IkgRNDws-046	9.94	298
105_iz1IkgRNDws-047	42.8	1284
105_iz1IkgRNDws-048	6.18	185
105_iz1IkgRNDws-049	45.5	1365
105_iz1IkgRNDws-051	36.92	1108
105_iz1IkgRNDws-052	89.94	2698
105_iz1IkgRNDws-053	26.1	783
105_iz1IkgRNDws-054	12.2	366
105_iz1IkgRNDws-055	24.3	729
105_iz1IkgRNDws-056	10.42	313
105_iz1IkgRNDws-057	10.5	315
105_iz1IkgRNDws-058	53.58	1607
105_iz1IkgRNDws-059	15.42	463
105_iz1IkgRNDws-060	35.24	1057
105_iz1IkgRNDws-061	8.16	245
105_iz1IkgRNDws-062	13.0	390
105_iz1IkgRNDws-063	11.54	346
105_iz1IkgRNDws-064	26.12	784
105_iz1IkgRNDws-065	74.4	2232
105_iz1IkgRNDws-066	39.52	1186
105_iz1IkgRNDws-067	25.22	757
105_iz1IkgRNDws-068	7.48	224
105_iz1IkgRNDws-069	61.1	1833
105_iz1IkgRNDws-070	9.86	296
105_iz1IkgRNDws-072	91.2	2736
105_iz1IkgRNDws-075	23.94	718
105_iz1IkgRNDws-076	7.4	222
105_iz1IkgRNDws-077	106.52	3196
105_iz1IkgRNDws-078	26.7	801
105_iz1IkgRNDws-079	40.62	1219
105_iz1IkgRNDws-080	73.6	2208
105_iz1IkgRNDws-082	104.04	3121
105_iz1IkgRNDws-083	23.72	712
105_iz1IkgRNDws-084	105.52	3166
105_iz1IkgRNDws-086	44.3	1329
105_iz1IkgRNDws-088	116.9	3507
105_iz1IkgRNDws-089	45.16	1355
106_5LWseH-zx5U-025	12.14	364
106_5LWseH-zx5U-028	35.78	1073
106_5LWseH-zx5U-029	37.26	1118
106_5LWseH-zx5U-030	8.0	240
106_5LWseH-zx5U-031	31.62	949
106_5LWseH-zx5U-032	30.54	916
106_5LWseH-zx5U-033	25.22	757
106_5LWseH-zx5U-034	40.1	1203
106_5LWseH-zx5U-035	15.36	461
106_5LWseH-zx5U-036	29.24	877
106_5LWseH-zx5U-037	20.04	601
106_5LWseH-zx5U-038	8.08	242
106_5LWseH-zx5U-039	77.22	2317
106_5LWseH-zx5U-040	17.76	533
106_5LWseH-zx5U-041	20.5	615
106_5LWseH-zx5U-042	69.4	2082
106_5LWseH-zx5U-043	12.0	360
106_5LWseH-zx5U-044	23.98	719
106_5LWseH-zx5U-046	16.1	483
106_5LWseH-zx5U-047	21.96	659
106_5LWseH-zx5U-048	4.82	145
106_5LWseH-zx5U-049	21.84	655
106_5LWseH-zx5U-050	21.14	634
106_5LWseH-zx5U-051	25.36	761
106_5LWseH-zx5U-052	11.9	357
106_5LWseH-zx5U-053	26.2	786
106_5LWseH-zx5U-054	35.96	1079
106_5LWseH-zx5U-055	22.64	679
106_5LWseH-zx5U-056	16.62	499
106_5LWseH-zx5U-058	41.08	1232
106_5LWseH-zx5U-059	45.84	1375
106_5LWseH-zx5U-060	11.34	340
106_5LWseH-zx5U-061	22.8	684
106_5LWseH-zx5U-062	19.32	580
106_5LWseH-zx5U-063	10.22	307
106_5LWseH-zx5U-065	102.52	3076
106_5LWseH-zx5U-066	7.7	231
106_5LWseH-zx5U-067	5.38	161
106_5LWseH-zx5U-068	8.66	260
106_5LWseH-zx5U-070	107.24	3217
106_5LWseH-zx5U-071	23.32	700
106_5LWseH-zx5U-073	35.8	1074
106_5LWseH-zx5U-074	81.0	2430
106_5LWseH-zx5U-075	18.74	562
106_5LWseH-zx5U-076	19.04	571
106_5LWseH-zx5U-077	27.66	830
106_5LWseH-zx5U-078	3.78	113
106_5LWseH-zx5U-079	33.82	1015
106_5LWseH-zx5U-080	39.24	1177
106_5LWseH-zx5U-081	53.48	1604
106_5LWseH-zx5U-083	23.28	698
106_5LWseH-zx5U-084	9.8	294
106_5LWseH-zx5U-085	129.06	3872
106_5LWseH-zx5U-086	14.36	431
106_5LWseH-zx5U-087	36.62	1099
106_5LWseH-zx5U-088	40.12	1204
106_5LWseH-zx5U-090	7.36	221
106_5LWseH-zx5U-094	42.26	1268
106_5LWseH-zx5U-095	173.56	5207
107_aWbRqa5oHqU-028	24.22	727
107_aWbRqa5oHqU-029	14.8	444
107_aWbRqa5oHqU-030	10.44	313
107_aWbRqa5oHqU-031	18.66	560
107_aWbRqa5oHqU-032	9.72	292
107_aWbRqa5oHqU-033	17.8	534
107_aWbRqa5oHqU-034	5.16	155
107_aWbRqa5oHqU-035	17.6	528
107_aWbRqa5oHqU-036	7.4	222
107_aWbRqa5oHqU-037	16.78	503
107_aWbRqa5oHqU-039	9.18	275
107_aWbRqa5oHqU-040	8.38	251
107_aWbRqa5oHqU-041	25.56	767
107_aWbRqa5oHqU-042	11.8	354
107_aWbRqa5oHqU-043	24.24	727
107_aWbRqa5oHqU-044	12.34	370
107_aWbRqa5oHqU-045	9.68	290
107_aWbRqa5oHqU-046	8.12	244
107_aWbRqa5oHqU-047	15.88	476
107_aWbRqa5oHqU-048	35.9	1077
107_aWbRqa5oHqU-049	4.44	133
107_aWbRqa5oHqU-050	12.28	368
107_aWbRqa5oHqU-051	7.74	232
107_aWbRqa5oHqU-052	8.96	269
107_aWbRqa5oHqU-053	11.66	350
107_aWbRqa5oHqU-054	12.68	380
107_aWbRqa5oHqU-055	20.3	609
107_aWbRqa5oHqU-056	4.54	136
107_aWbRqa5oHqU-057	18.78	563
107_aWbRqa5oHqU-058	7.08	212
107_aWbRqa5oHqU-059	12.26	368
107_aWbRqa5oHqU-060	6.88	206
107_aWbRqa5oHqU-061	29.36	881
107_aWbRqa5oHqU-062	5.96	179
107_aWbRqa5oHqU-063	15.36	461
107_aWbRqa5oHqU-064	8.78	263
107_aWbRqa5oHqU-065	15.64	469
107_aWbRqa5oHqU-066	8.08	242
107_aWbRqa5oHqU-067	21.32	640
107_aWbRqa5oHqU-068	8.4	252
107_aWbRqa5oHqU-069	69.82	2095
107_aWbRqa5oHqU-072	8.02	241
107_aWbRqa5oHqU-073	24.32	730
107_aWbRqa5oHqU-075	65.26	1958
107_aWbRqa5oHqU-076	32.32	970
107_aWbRqa5oHqU-077	3.74	112
107_aWbRqa5oHqU-078	8.3	249
107_aWbRqa5oHqU-079	6.4	192
107_aWbRqa5oHqU-081	60.2	1806
107_aWbRqa5oHqU-082	7.02	211
107_aWbRqa5oHqU-083	12.26	368
107_aWbRqa5oHqU-084	11.74	352
107_aWbRqa5oHqU-085	4.06	122
107_aWbRqa5oHqU-088	3.98	119
107_aWbRqa5oHqU-089	21.12	634
107_aWbRqa5oHqU-091	4.96	149
107_aWbRqa5oHqU-092	10.46	314
107_aWbRqa5oHqU-094	12.3	369
107_aWbRqa5oHqU-095	10.42	313
107_aWbRqa5oHqU-096	4.04	121
107_aWbRqa5oHqU-097	14.28	428
107_aWbRqa5oHqU-099	105.98	3179
107_aWbRqa5oHqU-101	83.08	2492
107_aWbRqa5oHqU-102	27.56	827
107_aWbRqa5oHqU-104	30.72	922
107_aWbRqa5oHqU-105	30.72	922
107_aWbRqa5oHqU-108	11.56	347
107_aWbRqa5oHqU-110	14.46	434
107_aWbRqa5oHqU-111	6.46	194
107_aWbRqa5oHqU-112	12.12	364
107_aWbRqa5oHqU-113	11.1	333
107_aWbRqa5oHqU-115	3.68	110
107_aWbRqa5oHqU-116	23.26	698
107_aWbRqa5oHqU-117	4.94	148
107_aWbRqa5oHqU-120	4.32	130
107_aWbRqa5oHqU-121	37.36	1121
107_aWbRqa5oHqU-122	12.46	374
107_aWbRqa5oHqU-124	27.3	819
107_aWbRqa5oHqU-126	39.66	1190
107_aWbRqa5oHqU-128	14.64	439
107_aWbRqa5oHqU-129	35.38	1061
107_aWbRqa5oHqU-131	26.04	781
107_aWbRqa5oHqU-136	124.48	3734
107_aWbRqa5oHqU-137	30.82	925
107_aWbRqa5oHqU-139	17.24	517
107_aWbRqa5oHqU-140	7.5	225
107_aWbRqa5oHqU-141	144.62	4339
107_aWbRqa5oHqU-142	4.2	126
107_aWbRqa5oHqU-143	6.32	190
107_aWbRqa5oHqU-144	8.3	249
107_aWbRqa5oHqU-145	29.58	887
107_aWbRqa5oHqU-146	4.24	127
107_aWbRqa5oHqU-147	29.06	872
107_aWbRqa5oHqU-148	12.74	382
107_aWbRqa5oHqU-149	5.48	164
107_aWbRqa5oHqU-150	240.26	7208
108_fcJQj9my0nQ-022	5.82	175
108_fcJQj9my0nQ-023	20.08	602
108_fcJQj9my0nQ-024	10.34	310
108_fcJQj9my0nQ-025	13.1	393
108_fcJQj9my0nQ-026	7.94	238
108_fcJQj9my0nQ-027	39.54	1186
108_fcJQj9my0nQ-029	12.84	385
108_fcJQj9my0nQ-030	10.74	322
108_fcJQj9my0nQ-031	4.98	149
108_fcJQj9my0nQ-032	4.02	121
108_fcJQj9my0nQ-033	20.98	629
108_fcJQj9my0nQ-034	8.08	242
108_fcJQj9my0nQ-035	11.76	353
108_fcJQj9my0nQ-037	24.82	745
108_fcJQj9my0nQ-038	49.44	1483
108_fcJQj9my0nQ-039	14.66	440
108_fcJQj9my0nQ-040	39.96	1199
108_fcJQj9my0nQ-042	15.34	460
108_fcJQj9my0nQ-043	41.32	1240
108_fcJQj9my0nQ-044	16.58	497
108_fcJQj9my0nQ-045	40.82	1225
108_fcJQj9my0nQ-046	13.98	419
108_fcJQj9my0nQ-047	11.8	354
108_fcJQj9my0nQ-048	26.94	808
108_fcJQj9my0nQ-049	6.22	187
108_fcJQj9my0nQ-050	16.5	495
108_fcJQj9my0nQ-051	15.16	455
108_fcJQj9my0nQ-053	7.6	228
108_fcJQj9my0nQ-054	5.3	159
108_fcJQj9my0nQ-055	24.66	740
108_fcJQj9my0nQ-056	4.76	143
108_fcJQj9my0nQ-058	52.32	1570
108_fcJQj9my0nQ-060	32.76	983
108_fcJQj9my0nQ-061	60.06	1802
108_fcJQj9my0nQ-062	6.38	191
108_fcJQj9my0nQ-063	4.38	131
108_fcJQj9my0nQ-064	15.74	472
108_fcJQj9my0nQ-065	22.12	664
108_fcJQj9my0nQ-066	11.6	348
108_fcJQj9my0nQ-067	15.62	469
108_fcJQj9my0nQ-068	59.82	1795
108_fcJQj9my0nQ-069	22.74	682
108_fcJQj9my0nQ-070	13.66	410
108_fcJQj9my0nQ-071	18.16	545
108_fcJQj9my0nQ-072	10.08	302
108_fcJQj9my0nQ-073	18.32	550
108_fcJQj9my0nQ-078	6.88	206
108_fcJQj9my0nQ-080	23.06	692
108_fcJQj9my0nQ-082	15.1	453
108_fcJQj9my0nQ-084	7.36	221
108_fcJQj9my0nQ-085	6.28	188
108_fcJQj9my0nQ-088	11.08	332
108_fcJQj9my0nQ-089	10.98	329
108_fcJQj9my0nQ-090	10.0	300
108_fcJQj9my0nQ-092	18.14	544
108_fcJQj9my0nQ-093	69.42	2083
108_fcJQj9my0nQ-094	7.56	227
108_fcJQj9my0nQ-095	86.4	2592
108_fcJQj9my0nQ-096	68.1	2043
108_fcJQj9my0nQ-097	10.32	310
108_fcJQj9my0nQ-099	110.66	3320
109_mP7bSLOAep4-020	25.9	777
109_mP7bSLOAep4-021	11.52	346
109_mP7bSLOAep4-022	6.88	206
109_mP7bSLOAep4-023	26.82	805
109_mP7bSLOAep4-024	17.6	528
109_mP7bSLOAep4-025	7.82	235
109_mP7bSLOAep4-026	19.88	596
109_mP7bSLOAep4-027	6.08	182
109_mP7bSLOAep4-028	11.32	340
109_mP7bSLOAep4-029	8.18	245
109_mP7bSLOAep4-030	4.54	136
109_mP7bSLOAep4-031	11.38	341
109_mP7bSLOAep4-032	18.82	565
109_mP7bSLOAep4-033	6.28	188
109_mP7bSLOAep4-034	8.86	266
109_mP7bSLOAep4-035	21.46	644
109_mP7bSLOAep4-036	59.9	1797
109_mP7bSLOAep4-037	8.54	256
109_mP7bSLOAep4-038	15.6	468
109_mP7bSLOAep4-039	22.2	666
109_mP7bSLOAep4-040	27.96	839
109_mP7bSLOAep4-041	8.7	261
109_mP7bSLOAep4-042	9.82	295
109_mP7bSLOAep4-043	31.92	958
109_mP7bSLOAep4-044	48.94	1468
109_mP7bSLOAep4-045	6.3	189
109_mP7bSLOAep4-046	13.96	419
109_mP7bSLOAep4-047	19.64	589
109_mP7bSLOAep4-048	7.48	224
109_mP7bSLOAep4-049	13.54	406
109_mP7bSLOAep4-050	10.92	328
109_mP7bSLOAep4-051	21.28	638
109_mP7bSLOAep4-052	20.82	625
109_mP7bSLOAep4-053	5.38	161
109_mP7bSLOAep4-054	28.32	850
109_mP7bSLOAep4-055	19.3	579
109_mP7bSLOAep4-057	8.14	244
109_mP7bSLOAep4-058	33.32	1000
109_mP7bSLOAep4-059	8.18	245
109_mP7bSLOAep4-061	12.12	364
109_mP7bSLOAep4-062	40.64	1219
109_mP7bSLOAep4-063	43.78	1313
109_mP7bSLOAep4-064	31.72	952
109_mP7bSLOAep4-065	9.74	292
109_mP7bSLOAep4-067	5.9	177
109_mP7bSLOAep4-068	6.38	191
109_mP7bSLOAep4-069	5.9	177
109_mP7bSLOAep4-071	4.72	142
109_mP7bSLOAep4-072	22.6	678
109_mP7bSLOAep4-073	13.28	398
109_mP7bSLOAep4-074	10.94	328
109_mP7bSLOAep4-076	25.28	758
109_mP7bSLOAep4-077	118.08	3542
109_mP7bSLOAep4-078	12.32	370
109_mP7bSLOAep4-079	4.66	140
109_mP7bSLOAep4-080	45.36	1361
109_mP7bSLOAep4-081	61.16	1835
109_mP7bSLOAep4-082	23.0	690
109_mP7bSLOAep4-083	5.96	179
109_mP7bSLOAep4-084	11.86	356
109_mP7bSLOAep4-085	7.08	212
109_mP7bSLOAep4-086	15.56	467
109_mP7bSLOAep4-087	54.22	1627
109_mP7bSLOAep4-088	7.68	230
109_mP7bSLOAep4-089	59.12	1774
109_mP7bSLOAep4-090	91.46	2744
109_mP7bSLOAep4-091	4.64	139
109_mP7bSLOAep4-092	93.52	2806
110_Oeb86dnLe1s-021	40.68	1220
110_Oeb86dnLe1s-022	10.28	308
110_Oeb86dnLe1s-023	4.78	143
110_Oeb86dnLe1s-024	9.42	283
110_Oeb86dnLe1s-025	36.24	1087
110_Oeb86dnLe1s-026	8.66	260
110_Oeb86dnLe1s-027	12.48	374
110_Oeb86dnLe1s-028	13.6	408
110_Oeb86dnLe1s-029	13.04	391
110_Oeb86dnLe1s-030	14.14	424
110_Oeb86dnLe1s-031	11.68	350
110_Oeb86dnLe1s-033	29.8	894
110_Oeb86dnLe1s-034	26.14	784
110_Oeb86dnLe1s-035	30.02	901
110_Oeb86dnLe1s-036	63.98	1919
110_Oeb86dnLe1s-037	18.66	560
110_Oeb86dnLe1s-038	18.46	554
110_Oeb86dnLe1s-039	35.58	1067
110_Oeb86dnLe1s-040	31.1	933
110_Oeb86dnLe1s-043	5.22	157
110_Oeb86dnLe1s-044	47.92	1438
110_Oeb86dnLe1s-045	21.52	646
110_Oeb86dnLe1s-046	45.48	1364
110_Oeb86dnLe1s-047	13.34	400
110_Oeb86dnLe1s-049	37.22	1117
110_Oeb86dnLe1s-050	51.04	1531
110_Oeb86dnLe1s-052	16.2	486
110_Oeb86dnLe1s-053	8.82	265
110_Oeb86dnLe1s-054	6.78	203
110_Oeb86dnLe1s-055	13.4	402
110_Oeb86dnLe1s-056	3.76	113
110_Oeb86dnLe1s-057	4.44	133
110_Oeb86dnLe1s-058	12.48	374
110_Oeb86dnLe1s-059	14.12	424
110_Oeb86dnLe1s-060	4.22	127
110_Oeb86dnLe1s-061	36.14	1084
110_Oeb86dnLe1s-062	6.76	203
110_Oeb86dnLe1s-063	12.02	361
110_Oeb86dnLe1s-064	13.92	418
110_Oeb86dnLe1s-065	10.4	312
110_Oeb86dnLe1s-066	13.98	419
110_Oeb86dnLe1s-067	19.64	589
110_Oeb86dnLe1s-068	44.98	1349
110_Oeb86dnLe1s-069	4.04	121
110_Oeb86dnLe1s-070	9.26	278
110_Oeb86dnLe1s-071	17.24	517
110_Oeb86dnLe1s-072	4.36	131
110_Oeb86dnLe1s-073	13.42	403
110_Oeb86dnLe1s-074	13.0	390
110_Oeb86dnLe1s-075	7.8	234
110_Oeb86dnLe1s-076	6.72	202
110_Oeb86dnLe1s-077	30.0	900
110_Oeb86dnLe1s-078	5.76	173
110_Oeb86dnLe1s-079	34.26	1028
110_Oeb86dnLe1s-080	23.72	712
110_Oeb86dnLe1s-082	13.1	393
110_Oeb86dnLe1s-083	71.56	2147
110_Oeb86dnLe1s-084	6.66	200
110_Oeb86dnLe1s-086	21.4	642
110_Oeb86dnLe1s-087	42.3	1269
110_Oeb86dnLe1s-091	4.26	128
110_Oeb86dnLe1s-092	4.72	142
110_Oeb86dnLe1s-094	134.42	4033
110_Oeb86dnLe1s-095	19.28	578
110_Oeb86dnLe1s-096	7.78	233
110_Oeb86dnLe1s-097	117.08	3512
110_Oeb86dnLe1s-098	16.36	491
110_Oeb86dnLe1s-099	19.16	575
110_Oeb86dnLe1s-100	3.86	116
110_Oeb86dnLe1s-103	32.74	982
110_Oeb86dnLe1s-106	54.68	1640
111_lQ19t574UoA-014	3.6	108
111_lQ19t574UoA-018	25.8	774
111_lQ19t574UoA-019	14.72	442
111_lQ19t574UoA-020	5.7	171
111_lQ19t574UoA-021	7.36	221
111_lQ19t574UoA-022	5.52	166
111_lQ19t574UoA-023	15.76	473
111_lQ19t574UoA-024	30.02	901
111_lQ19t574UoA-025	8.56	257
111_lQ19t574UoA-027	13.6	408
111_lQ19t574UoA-028	36.32	1090
111_lQ19t574UoA-029	9.22	277
111_lQ19t574UoA-030	13.06	392
111_lQ19t574UoA-032	10.2	306
111_lQ19t574UoA-033	6.12	184
111_lQ19t574UoA-034	11.12	334
111_lQ19t574UoA-035	9.76	293
111_lQ19t574UoA-036	65.76	1973
111_lQ19t574UoA-038	5.18	155
111_lQ19t574UoA-039	5.22	157
111_lQ19t574UoA-040	20.66	620
111_lQ19t574UoA-041	5.66	170
111_lQ19t574UoA-042	4.34	130
111_lQ19t574UoA-043	5.76	173
111_lQ19t574UoA-044	10.42	313
111_lQ19t574UoA-045	79.82	2395
111_lQ19t574UoA-046	5.62	169
111_lQ19t574UoA-048	4.22	127
111_lQ19t574UoA-049	19.3	579
111_lQ19t574UoA-050	99.18	2975
111_lQ19t574UoA-051	42.24	1267
111_lQ19t574UoA-052	15.72	472
111_lQ19t574UoA-053	52.16	1565
111_lQ19t574UoA-054	16.3	489
111_lQ19t574UoA-055	20.92	628
111_lQ19t574UoA-056	4.42	133
111_lQ19t574UoA-057	14.9	447
111_lQ19t574UoA-058	5.7	171
111_lQ19t574UoA-059	8.1	243
111_lQ19t574UoA-061	21.56	647
111_lQ19t574UoA-062	16.36	491
111_lQ19t574UoA-064	11.52	346
111_lQ19t574UoA-065	34.16	1025
111_lQ19t574UoA-066	16.84	505
111_lQ19t574UoA-067	6.44	193
111_lQ19t574UoA-069	12.82	385
111_lQ19t574UoA-070	17.68	530
111_lQ19t574UoA-072	14.52	436
111_lQ19t574UoA-073	105.16	3155
111_lQ19t574UoA-075	6.16	185
111_lQ19t574UoA-077	9.64	289
111_lQ19t574UoA-079	57.02	1711
111_lQ19t574UoA-080	5.06	152
111_lQ19t574UoA-081	51.74	1552
111_lQ19t574UoA-082	57.72	1732
111_lQ19t574UoA-083	7.18	215
111_lQ19t574UoA-085	10.92	328
111_lQ19t574UoA-087	63.06	1892
111_lQ19t574UoA-088	15.28	458
111_lQ19t574UoA-089	4.26	128
111_lQ19t574UoA-090	23.86	716
111_lQ19t574UoA-091	24.9	747
111_lQ19t574UoA-092	8.66	260
111_lQ19t574UoA-094	10.7	321
111_lQ19t574UoA-095	5.04	151
111_lQ19t574UoA-096	7.82	235
111_lQ19t574UoA-097	6.58	197
111_lQ19t574UoA-098	6.26	188
111_lQ19t574UoA-099	10.76	323
111_lQ19t574UoA-101	8.94	268
111_lQ19t574UoA-102	10.88	326
111_lQ19t574UoA-103	26.46	794
111_lQ19t574UoA-104	64.16	1925
111_lQ19t574UoA-105	65.46	1964
111_lQ19t574UoA-106	17.2	516
111_lQ19t574UoA-107	7.86	236
111_lQ19t574UoA-108	55.24	1657
111_lQ19t574UoA-111	32.18	965
112_eWKiltvqy-s-024	3.7	111
112_eWKiltvqy-s-025	5.7	171
112_eWKiltvqy-s-026	17.2	516
112_eWKiltvqy-s-027	8.22	247
112_eWKiltvqy-s-028	12.2	366
112_eWKiltvqy-s-029	41.26	1238
112_eWKiltvqy-s-030	12.48	374
112_eWKiltvqy-s-031	19.5	585
112_eWKiltvqy-s-032	23.94	718
112_eWKiltvqy-s-033	27.48	824
112_eWKiltvqy-s-034	9.72	292
112_eWKiltvqy-s-035	27.92	838
112_eWKiltvqy-s-036	16.96	509
112_eWKiltvqy-s-037	23.42	703
112_eWKiltvqy-s-038	5.42	163
112_eWKiltvqy-s-039	25.78	773
112_eWKiltvqy-s-041	37.74	1132
112_eWKiltvqy-s-042	26.86	806
112_eWKiltvqy-s-043	22.38	671
112_eWKiltvqy-s-044	9.84	295
112_eWKiltvqy-s-046	4.0	120
112_eWKiltvqy-s-047	65.88	1976
112_eWKiltvqy-s-048	46.86	1406
112_eWKiltvqy-s-050	3.74	112
112_eWKiltvqy-s-051	13.48	404
112_eWKiltvqy-s-053	28.46	854
112_eWKiltvqy-s-056	5.72	172
112_eWKiltvqy-s-057	6.82	205
112_eWKiltvqy-s-058	13.88	416
112_eWKiltvqy-s-059	16.26	488
112_eWKiltvqy-s-060	26.84	805
112_eWKiltvqy-s-061	20.48	614
112_eWKiltvqy-s-062	5.42	163
112_eWKiltvqy-s-063	46.52	1396
112_eWKiltvqy-s-064	6.36	191
112_eWKiltvqy-s-065	11.06	332
112_eWKiltvqy-s-066	21.08	632
112_eWKiltvqy-s-067	18.46	554
112_eWKiltvqy-s-068	17.2	516
112_eWKiltvqy-s-073	5.24	157
112_eWKiltvqy-s-074	4.72	142
112_eWKiltvqy-s-075	9.62	289
112_eWKiltvqy-s-076	13.22	397
112_eWKiltvqy-s-077	12.54	376
112_eWKiltvqy-s-078	116.5	3495
112_eWKiltvqy-s-084	6.26	188
112_eWKiltvqy-s-087	5.38	161
112_eWKiltvqy-s-088	35.98	1079
112_eWKiltvqy-s-090	20.32	610
112_eWKiltvqy-s-091	11.78	353
112_eWKiltvqy-s-092	10.36	311
112_eWKiltvqy-s-094	21.86	656
112_eWKiltvqy-s-095	28.62	859
112_eWKiltvqy-s-096	4.72	142
112_eWKiltvqy-s-099	65.06	1952
112_eWKiltvqy-s-100	42.92	1288
112_eWKiltvqy-s-101	24.4	732
112_eWKiltvqy-s-103	20.7	621
112_eWKiltvqy-s-104	32.36	971
112_eWKiltvqy-s-105	28.62	859
112_eWKiltvqy-s-106	15.06	452
112_eWKiltvqy-s-107	9.02	271
112_eWKiltvqy-s-109	5.48	164
112_eWKiltvqy-s-111	6.48	194
112_eWKiltvqy-s-112	35.34	1060
112_eWKiltvqy-s-113	34.08	1022
112_eWKiltvqy-s-114	5.28	158
112_eWKiltvqy-s-116	10.94	328
112_eWKiltvqy-s-117	19.34	580
112_eWKiltvqy-s-119	7.72	232
112_eWKiltvqy-s-120	25.94	778
112_eWKiltvqy-s-121	3.68	110
112_eWKiltvqy-s-122	4.08	122
112_eWKiltvqy-s-123	17.96	539
112_eWKiltvqy-s-124	18.44	553
112_eWKiltvqy-s-125	46.62	1399
112_eWKiltvqy-s-127	9.44	283
112_eWKiltvqy-s-128	6.4	192
112_eWKiltvqy-s-130	5.84	175
112_eWKiltvqy-s-133	4.14	124
112_eWKiltvqy-s-134	15.6	468
112_eWKiltvqy-s-135	8.94	268
112_eWKiltvqy-s-136	18.98	569
112_eWKiltvqy-s-137	42.02	1261
112_eWKiltvqy-s-138	27.52	826
112_eWKiltvqy-s-139	16.66	500
113_lb8ZecrUH3I-020	49.88	1496
113_lb8ZecrUH3I-021	11.04	331
113_lb8ZecrUH3I-022	13.28	398
113_lb8ZecrUH3I-023	8.18	245
113_lb8ZecrUH3I-024	4.1	123
113_lb8ZecrUH3I-025	34.56	1037
113_lb8ZecrUH3I-026	14.98	449
113_lb8ZecrUH3I-027	23.4	702
113_lb8ZecrUH3I-028	6.88	206
113_lb8ZecrUH3I-030	24.02	721
113_lb8ZecrUH3I-031	35.26	1058
113_lb8ZecrUH3I-032	21.22	637
113_lb8ZecrUH3I-033	48.12	1444
113_lb8ZecrUH3I-034	7.94	238
113_lb8ZecrUH3I-035	5.42	163
113_lb8ZecrUH3I-036	10.34	310
113_lb8ZecrUH3I-037	20.58	617
113_lb8ZecrUH3I-038	27.26	818
113_lb8ZecrUH3I-039	54.32	1630
113_lb8ZecrUH3I-040	4.64	139
113_lb8ZecrUH3I-041	14.26	428
113_lb8ZecrUH3I-042	16.22	487
113_lb8ZecrUH3I-043	67.06	2012
113_lb8ZecrUH3I-044	6.62	199
113_lb8ZecrUH3I-045	12.36	371
113_lb8ZecrUH3I-046	16.18	485
113_lb8ZecrUH3I-047	7.7	231
113_lb8ZecrUH3I-048	4.28	128
113_lb8ZecrUH3I-049	8.56	257
113_lb8ZecrUH3I-051	14.14	424
113_lb8ZecrUH3I-052	15.9	477
113_lb8ZecrUH3I-053	22.24	667
113_lb8ZecrUH3I-054	33.66	1010
113_lb8ZecrUH3I-055	43.34	1300
113_lb8ZecrUH3I-056	4.72	142
113_lb8ZecrUH3I-057	19.98	599
113_lb8ZecrUH3I-058	17.24	517
113_lb8ZecrUH3I-059	9.68	290
113_lb8ZecrUH3I-060	31.12	934
113_lb8ZecrUH3I-062	15.28	458
113_lb8ZecrUH3I-063	12.04	361
113_lb8ZecrUH3I-064	12.04	361
113_lb8ZecrUH3I-066	25.48	764
113_lb8ZecrUH3I-067	16.56	497
113_lb8ZecrUH3I-068	17.78	533
113_lb8ZecrUH3I-069	4.66	140
113_lb8ZecrUH3I-070	129.5	3885
113_lb8ZecrUH3I-071	23.64	709
113_lb8ZecrUH3I-072	10.82	325
113_lb8ZecrUH3I-073	8.06	242
113_lb8ZecrUH3I-074	10.5	315
113_lb8ZecrUH3I-075	21.6	648
113_lb8ZecrUH3I-076	12.06	362
113_lb8ZecrUH3I-077	28.62	859
113_lb8ZecrUH3I-078	7.14	214
113_lb8ZecrUH3I-079	8.0	240
113_lb8ZecrUH3I-080	15.42	463
113_lb8ZecrUH3I-081	26.58	797
113_lb8ZecrUH3I-082	24.26	728
113_lb8ZecrUH3I-083	10.5	315
113_lb8ZecrUH3I-084	49.84	1495
113_lb8ZecrUH3I-085	15.7	471
113_lb8ZecrUH3I-086	11.98	359
113_lb8ZecrUH3I-087	15.84	475
113_lb8ZecrUH3I-088	8.84	265
113_lb8ZecrUH3I-089	17.36	521
113_lb8ZecrUH3I-090	4.32	130
113_lb8ZecrUH3I-091	10.02	301
113_lb8ZecrUH3I-092	3.72	112
113_lb8ZecrUH3I-093	20.44	613
113_lb8ZecrUH3I-094	8.24	247
113_lb8ZecrUH3I-095	41.94	1258
113_lb8ZecrUH3I-096	10.8	324
113_lb8ZecrUH3I-097	16.88	506
114_Pu5pJsVZfg4-019	26.24	787
114_Pu5pJsVZfg4-020	11.46	344
114_Pu5pJsVZfg4-021	6.22	187
114_Pu5pJsVZfg4-022	4.96	149
114_Pu5pJsVZfg4-023	5.22	157
114_Pu5pJsVZfg4-024	9.84	295
114_Pu5pJsVZfg4-025	22.44	673
114_Pu5pJsVZfg4-027	9.46	284
114_Pu5pJsVZfg4-028	25.56	767
114_Pu5pJsVZfg4-029	3.82	115
114_Pu5pJsVZfg4-030	9.86	296
114_Pu5pJsVZfg4-032	11.44	343
114_Pu5pJsVZfg4-033	6.18	185
114_Pu5pJsVZfg4-034	32.78	983
114_Pu5pJsVZfg4-035	15.52	466
114_Pu5pJsVZfg4-036	28.06	842
114_Pu5pJsVZfg4-037	4.86	146
114_Pu5pJsVZfg4-038	8.8	264
114_Pu5pJsVZfg4-039	34.0	1020
114_Pu5pJsVZfg4-040	3.6	108
114_Pu5pJsVZfg4-042	31.2	936
114_Pu5pJsVZfg4-043	10.88	326
114_Pu5pJsVZfg4-044	8.44	253
114_Pu5pJsVZfg4-045	24.54	736
114_Pu5pJsVZfg4-046	71.66	2150
114_Pu5pJsVZfg4-047	6.86	206
114_Pu5pJsVZfg4-048	7.18	215
114_Pu5pJsVZfg4-049	75.12	2254
114_Pu5pJsVZfg4-051	33.04	991
114_Pu5pJsVZfg4-052	25.58	767
114_Pu5pJsVZfg4-053	11.04	331
114_Pu5pJsVZfg4-054	6.3	189
114_Pu5pJsVZfg4-055	7.94	238
114_Pu5pJsVZfg4-056	5.96	179
114_Pu5pJsVZfg4-058	33.94	1018
114_Pu5pJsVZfg4-059	27.34	820
114_Pu5pJsVZfg4-060	40.16	1205
114_Pu5pJsVZfg4-061	50.28	1508
114_Pu5pJsVZfg4-062	78.04	2341
114_Pu5pJsVZfg4-063	30.52	916
114_Pu5pJsVZfg4-064	41.42	1243
114_Pu5pJsVZfg4-065	49.58	1487
114_Pu5pJsVZfg4-066	14.26	428
114_Pu5pJsVZfg4-067	12.84	385
114_Pu5pJsVZfg4-068	53.3	1599
114_Pu5pJsVZfg4-069	3.66	110
114_Pu5pJsVZfg4-071	31.92	958
114_Pu5pJsVZfg4-072	10.3	309
114_Pu5pJsVZfg4-073	18.88	566
114_Pu5pJsVZfg4-075	10.92	328
114_Pu5pJsVZfg4-076	17.36	521
114_Pu5pJsVZfg4-077	21.9	657
114_Pu5pJsVZfg4-079	13.7	411
114_Pu5pJsVZfg4-080	46.54	1396
114_Pu5pJsVZfg4-081	13.88	416
114_Pu5pJsVZfg4-082	42.74	1282
114_Pu5pJsVZfg4-084	114.56	3437
114_Pu5pJsVZfg4-085	46.26	1388
114_Pu5pJsVZfg4-086	7.66	230
114_Pu5pJsVZfg4-087	75.78	2273
114_Pu5pJsVZfg4-089	16.0	480
114_Pu5pJsVZfg4-090	11.52	346
114_Pu5pJsVZfg4-092	3.84	115
114_Pu5pJsVZfg4-093	10.94	328
114_Pu5pJsVZfg4-095	15.34	460
114_Pu5pJsVZfg4-096	25.2	756
114_Pu5pJsVZfg4-098	3.88	116
115_sVCekAvRUEI-023	32.84	985
115_sVCekAvRUEI-024	14.7	441
115_sVCekAvRUEI-025	9.92	298
115_sVCekAvRUEI-026	3.6	108
115_sVCekAvRUEI-027	7.58	227
115_sVCekAvRUEI-028	4.3	129
115_sVCekAvRUEI-029	13.86	416
115_sVCekAvRUEI-030	16.6	498
115_sVCekAvRUEI-031	44.86	1346
115_sVCekAvRUEI-032	16.3	489
115_sVCekAvRUEI-033	24.1	723
115_sVCekAvRUEI-034	16.02	481
115_sVCekAvRUEI-035	8.68	260
115_sVCekAvRUEI-036	8.56	257
115_sVCekAvRUEI-037	24.74	742
115_sVCekAvRUEI-038	10.08	302
115_sVCekAvRUEI-039	6.5	195
115_sVCekAvRUEI-040	4.16	125
115_sVCekAvRUEI-041	7.66	230
115_sVCekAvRUEI-042	36.78	1103
115_sVCekAvRUEI-043	40.6	1218
115_sVCekAvRUEI-044	95.82	2875
115_sVCekAvRUEI-045	11.88	356
115_sVCekAvRUEI-046	4.72	142
115_sVCekAvRUEI-047	9.76	293
115_sVCekAvRUEI-048	8.56	257
115_sVCekAvRUEI-049	33.88	1016
115_sVCekAvRUEI-051	21.16	635
115_sVCekAvRUEI-052	20.62	619
115_sVCekAvRUEI-053	33.14	994
115_sVCekAvRUEI-054	7.92	238
115_sVCekAvRUEI-055	6.46	194
115_sVCekAvRUEI-056	18.12	544
115_sVCekAvRUEI-057	8.04	241
115_sVCekAvRUEI-058	8.84	265
115_sVCekAvRUEI-059	17.02	511
115_sVCekAvRUEI-060	27.36	821
115_sVCekAvRUEI-061	69.52	2086
115_sVCekAvRUEI-062	16.92	508
115_sVCekAvRUEI-063	31.18	935
115_sVCekAvRUEI-064	10.64	319
115_sVCekAvRUEI-065	108.52	3256
115_sVCekAvRUEI-066	22.22	667
115_sVCekAvRUEI-068	8.04	241
115_sVCekAvRUEI-070	61.04	1831
115_sVCekAvRUEI-072	21.22	637
115_sVCekAvRUEI-075	4.36	131
115_sVCekAvRUEI-077	7.14	214
115_sVCekAvRUEI-078	15.1	453
115_sVCekAvRUEI-079	10.46	314
115_sVCekAvRUEI-080	7.22	217
115_sVCekAvRUEI-081	7.12	214
115_sVCekAvRUEI-082	10.34	310
115_sVCekAvRUEI-086	15.32	460
115_sVCekAvRUEI-087	6.3	189
115_sVCekAvRUEI-088	14.66	440
115_sVCekAvRUEI-089	21.74	652
115_sVCekAvRUEI-090	6.76	203
115_sVCekAvRUEI-092	75.6	2268
115_sVCekAvRUEI-093	33.24	997
116_1izeMoLtazQ-024	23.68	710
116_1izeMoLtazQ-026	8.54	256
116_1izeMoLtazQ-027	4.58	137
116_1izeMoLtazQ-028	4.72	142
116_1izeMoLtazQ-029	4.98	149
116_1izeMoLtazQ-030	15.2	456
116_1izeMoLtazQ-031	6.66	200
116_1izeMoLtazQ-032	17.36	521
116_1izeMoLtazQ-033	5.12	154
116_1izeMoLtazQ-034	15.6	468
116_1izeMoLtazQ-035	23.84	715
116_1izeMoLtazQ-036	9.4	282
116_1izeMoLtazQ-037	9.46	284
116_1izeMoLtazQ-038	49.26	1478
116_1izeMoLtazQ-039	12.4	372
116_1izeMoLtazQ-040	21.64	649
116_1izeMoLtazQ-041	60.32	1810
116_1izeMoLtazQ-042	8.96	269
116_1izeMoLtazQ-043	20.04	601
116_1izeMoLtazQ-045	6.74	202
116_1izeMoLtazQ-046	10.7	321
116_1izeMoLtazQ-047	6.52	196
116_1izeMoLtazQ-048	16.72	502
116_1izeMoLtazQ-049	12.1	363
116_1izeMoLtazQ-050	39.18	1175
116_1izeMoLtazQ-051	5.5	165
116_1izeMoLtazQ-052	49.76	1493
116_1izeMoLtazQ-053	9.26	278
116_1izeMoLtazQ-054	23.72	712
116_1izeMoLtazQ-055	44.42	1333
116_1izeMoLtazQ-056	74.0	2220
116_1izeMoLtazQ-057	45.26	1358
116_1izeMoLtazQ-058	95.44	2863
116_1izeMoLtazQ-059	103.78	3113
116_1izeMoLtazQ-060	10.68	320
116_1izeMoLtazQ-061	8.7	261
116_1izeMoLtazQ-063	17.88	536
116_1izeMoLtazQ-065	6.7	201
116_1izeMoLtazQ-066	18.76	563
116_1izeMoLtazQ-067	8.28	248
116_1izeMoLtazQ-068	18.92	568
116_1izeMoLtazQ-069	16.22	487
116_1izeMoLtazQ-070	9.9	297
116_1izeMoLtazQ-071	16.38	491
116_1izeMoLtazQ-074	22.66	680
116_1izeMoLtazQ-075	22.74	682
116_1izeMoLtazQ-076	16.36	491
116_1izeMoLtazQ-077	6.42	193
116_1izeMoLtazQ-080	3.64	109
116_1izeMoLtazQ-081	20.2	606
116_1izeMoLtazQ-083	6.6	198
116_1izeMoLtazQ-084	94.56	2837
116_1izeMoLtazQ-086	5.68	170
116_1izeMoLtazQ-088	26.0	780
116_1izeMoLtazQ-089	82.7	2481
117_TnQmNtrKgF0-021	6.26	188
117_TnQmNtrKgF0-022	15.12	454
117_TnQmNtrKgF0-023	10.62	319
117_TnQmNtrKgF0-024	14.34	430
117_TnQmNtrKgF0-025	11.3	339
117_TnQmNtrKgF0-026	16.14	484
117_TnQmNtrKgF0-027	13.78	413
117_TnQmNtrKgF0-028	6.98	209
117_TnQmNtrKgF0-029	12.66	380
117_TnQmNtrKgF0-030	6.98	209
117_TnQmNtrKgF0-031	4.28	128
117_TnQmNtrKgF0-032	21.42	643
117_TnQmNtrKgF0-033	8.78	263
117_TnQmNtrKgF0-034	6.22	187
117_TnQmNtrKgF0-035	9.42	283
117_TnQmNtrKgF0-036	4.68	140
117_TnQmNtrKgF0-038	12.96	389
117_TnQmNtrKgF0-040	20.08	602
117_TnQmNtrKgF0-041	12.14	364
117_TnQmNtrKgF0-042	7.34	220
117_TnQmNtrKgF0-043	8.48	254
117_TnQmNtrKgF0-044	22.62	679
117_TnQmNtrKgF0-045	55.5	1665
117_TnQmNtrKgF0-046	6.44	193
117_TnQmNtrKgF0-048	16.28	488
117_TnQmNtrKgF0-049	9.82	295
117_TnQmNtrKgF0-050	11.3	339
117_TnQmNtrKgF0-051	21.62	649
117_TnQmNtrKgF0-052	47.46	1424
117_TnQmNtrKgF0-053	4.18	125
117_TnQmNtrKgF0-054	16.72	502
117_TnQmNtrKgF0-055	12.98	389
117_TnQmNtrKgF0-056	13.72	412
117_TnQmNtrKgF0-057	3.64	109
117_TnQmNtrKgF0-058	28.84	865
117_TnQmNtrKgF0-059	10.28	308
117_TnQmNtrKgF0-060	44.24	1327
117_TnQmNtrKgF0-062	52.34	1570
117_TnQmNtrKgF0-063	30.2	906
117_TnQmNtrKgF0-064	10.94	328
117_TnQmNtrKgF0-065	10.5	315
117_TnQmNtrKgF0-066	45.0	1350
117_TnQmNtrKgF0-068	105.66	3170
117_TnQmNtrKgF0-069	23.0	690
117_TnQmNtrKgF0-070	53.4	1602
117_TnQmNtrKgF0-071	13.54	406
117_TnQmNtrKgF0-074	163.98	4919
117_TnQmNtrKgF0-075	5.62	169
117_TnQmNtrKgF0-076	5.46	164
117_TnQmNtrKgF0-078	7.02	211
117_TnQmNtrKgF0-080	4.44	133
117_TnQmNtrKgF0-081	67.0	2010
117_TnQmNtrKgF0-082	8.16	245
117_TnQmNtrKgF0-083	11.4	342
117_TnQmNtrKgF0-088	4.72	142
117_TnQmNtrKgF0-089	25.92	778
117_TnQmNtrKgF0-090	15.1	453
117_TnQmNtrKgF0-091	54.36	1631
117_TnQmNtrKgF0-092	13.98	419
117_TnQmNtrKgF0-093	20.8	624
117_TnQmNtrKgF0-094	76.0	2280
118_P5C4U4KclmY-028	7.56	227
118_P5C4U4KclmY-029	8.14	244
118_P5C4U4KclmY-030	9.66	290
118_P5C4U4KclmY-031	6.6	198
118_P5C4U4KclmY-032	11.02	331
118_P5C4U4KclmY-033	3.64	109
118_P5C4U4KclmY-035	14.28	428
118_P5C4U4KclmY-036	26.64	799
118_P5C4U4KclmY-037	10.62	319
118_P5C4U4KclmY-038	8.54	256
118_P5C4U4KclmY-039	8.36	251
118_P5C4U4KclmY-040	9.18	275
118_P5C4U4KclmY-041	6.46	194
118_P5C4U4KclmY-042	44.82	1345
118_P5C4U4KclmY-044	101.26	3038
118_P5C4U4KclmY-045	5.04	151
118_P5C4U4KclmY-046	6.46	194
118_P5C4U4KclmY-047	9.06	272
118_P5C4U4KclmY-048	32.04	961
118_P5C4U4KclmY-050	29.16	875
118_P5C4U4KclmY-051	5.38	161
118_P5C4U4KclmY-052	7.74	232
118_P5C4U4KclmY-053	62.58	1877
118_P5C4U4KclmY-054	6.5	195
118_P5C4U4KclmY-055	5.1	153
118_P5C4U4KclmY-056	7.44	223
118_P5C4U4KclmY-058	21.26	638
118_P5C4U4KclmY-059	29.94	898
118_P5C4U4KclmY-060	103.34	3100
118_P5C4U4KclmY-061	4.2	126
118_P5C4U4KclmY-062	5.5	165
118_P5C4U4KclmY-063	30.82	925
118_P5C4U4KclmY-064	6.44	193
118_P5C4U4KclmY-065	14.52	436
118_P5C4U4KclmY-066	19.08	572
118_P5C4U4KclmY-067	17.72	532
118_P5C4U4KclmY-068	33.18	995
118_P5C4U4KclmY-070	11.64	349
118_P5C4U4KclmY-071	12.76	383
118_P5C4U4KclmY-072	11.54	346
118_P5C4U4KclmY-073	4.4	132
118_P5C4U4KclmY-074	47.18	1415
118_P5C4U4KclmY-075	6.66	200
118_P5C4U4KclmY-076	7.06	212
118_P5C4U4KclmY-077	91.88	2756
118_P5C4U4KclmY-078	4.04	121
118_P5C4U4KclmY-079	11.34	340
118_P5C4U4KclmY-081	21.38	641
118_P5C4U4KclmY-082	9.26	278
118_P5C4U4KclmY-083	16.88	506
118_P5C4U4KclmY-084	36.0	1080
118_P5C4U4KclmY-085	57.34	1720
118_P5C4U4KclmY-086	9.92	298
118_P5C4U4KclmY-087	14.1	423
118_P5C4U4KclmY-088	45.88	1376
118_P5C4U4KclmY-089	39.88	1196
118_P5C4U4KclmY-090	41.28	1238
118_P5C4U4KclmY-095	31.64	949
118_P5C4U4KclmY-096	97.22	2917
118_P5C4U4KclmY-097	38.96	1169
118_P5C4U4KclmY-098	24.14	724
118_P5C4U4KclmY-099	146.66	4400
118_P5C4U4KclmY-101	9.6	288
118_P5C4U4KclmY-102	79.92	2398
118_P5C4U4KclmY-103	11.46	344
118_P5C4U4KclmY-104	25.58	767
118_P5C4U4KclmY-105	37.42	1123
118_P5C4U4KclmY-114	19.32	580
119_7RvvUsDDE1k-022	26.58	797
119_7RvvUsDDE1k-023	12.88	386
119_7RvvUsDDE1k-024	8.22	247
119_7RvvUsDDE1k-025	16.32	490
119_7RvvUsDDE1k-026	18.22	547
119_7RvvUsDDE1k-027	9.14	274
119_7RvvUsDDE1k-028	12.3	369
119_7RvvUsDDE1k-029	41.56	1247
119_7RvvUsDDE1k-030	10.38	311
119_7RvvUsDDE1k-031	4.54	136
119_7RvvUsDDE1k-032	22.46	674
119_7RvvUsDDE1k-033	7.46	224
119_7RvvUsDDE1k-034	10.2	306
119_7RvvUsDDE1k-036	24.9	747
119_7RvvUsDDE1k-037	7.64	229
119_7RvvUsDDE1k-038	22.48	674
119_7RvvUsDDE1k-039	4.82	145
119_7RvvUsDDE1k-040	39.72	1192
119_7RvvUsDDE1k-041	7.04	211
119_7RvvUsDDE1k-042	4.98	149
119_7RvvUsDDE1k-043	7.0	210
119_7RvvUsDDE1k-044	45.1	1353
119_7RvvUsDDE1k-045	4.1	123
119_7RvvUsDDE1k-047	11.08	332
119_7RvvUsDDE1k-048	4.42	133
119_7RvvUsDDE1k-049	31.12	934
119_7RvvUsDDE1k-051	4.0	120
119_7RvvUsDDE1k-052	38.54	1156
119_7RvvUsDDE1k-053	11.48	344
119_7RvvUsDDE1k-054	9.84	295
119_7RvvUsDDE1k-055	12.02	361
119_7RvvUsDDE1k-056	9.88	296
119_7RvvUsDDE1k-057	8.52	256
119_7RvvUsDDE1k-058	21.08	632
119_7RvvUsDDE1k-059	3.78	113
119_7RvvUsDDE1k-060	6.0	180
119_7RvvUsDDE1k-062	22.66	680
119_7RvvUsDDE1k-064	52.62	1579
119_7RvvUsDDE1k-065	9.1	273
119_7RvvUsDDE1k-066	4.36	131
119_7RvvUsDDE1k-067	19.04	571
119_7RvvUsDDE1k-068	9.0	270
119_7RvvUsDDE1k-069	23.76	713
119_7RvvUsDDE1k-072	15.38	461
119_7RvvUsDDE1k-073	10.46	314
119_7RvvUsDDE1k-074	9.64	289
119_7RvvUsDDE1k-075	11.08	332
119_7RvvUsDDE1k-076	10.4	312
119_7RvvUsDDE1k-077	69.8	2094
119_7RvvUsDDE1k-078	12.7	381
119_7RvvUsDDE1k-079	12.46	374
119_7RvvUsDDE1k-080	18.4	552
119_7RvvUsDDE1k-081	26.06	782
119_7RvvUsDDE1k-083	15.44	463
119_7RvvUsDDE1k-084	3.64	109
119_7RvvUsDDE1k-085	60.84	1825
119_7RvvUsDDE1k-086	19.42	583
119_7RvvUsDDE1k-087	18.1	543
119_7RvvUsDDE1k-088	4.32	130
119_7RvvUsDDE1k-089	117.7	3531
119_7RvvUsDDE1k-091	8.32	250
119_7RvvUsDDE1k-094	67.92	2038
119_7RvvUsDDE1k-095	12.8	384
119_7RvvUsDDE1k-096	5.24	157
119_7RvvUsDDE1k-097	73.1	2193
119_7RvvUsDDE1k-098	15.52	466
119_7RvvUsDDE1k-099	18.22	547
119_7RvvUsDDE1k-100	8.86	266
119_7RvvUsDDE1k-101	4.88	146
119_7RvvUsDDE1k-102	7.08	212
119_7RvvUsDDE1k-103	4.94	148
119_7RvvUsDDE1k-104	20.46	614
119_7RvvUsDDE1k-105	4.26	128
119_7RvvUsDDE1k-106	15.48	464
119_7RvvUsDDE1k-107	4.02	121
119_7RvvUsDDE1k-108	11.92	358
119_7RvvUsDDE1k-109	7.82	235
119_7RvvUsDDE1k-110	7.5	225
119_7RvvUsDDE1k-111	10.14	304
119_7RvvUsDDE1k-112	16.98	509
119_7RvvUsDDE1k-113	27.74	832
119_7RvvUsDDE1k-114	6.3	189
119_7RvvUsDDE1k-115	7.1	213
119_7RvvUsDDE1k-116	8.44	253
119_7RvvUsDDE1k-118	8.02	241
119_7RvvUsDDE1k-119	31.62	949
119_7RvvUsDDE1k-120	101.06	3032
119_7RvvUsDDE1k-121	108.94	3268
119_7RvvUsDDE1k-122	32.48	974
119_7RvvUsDDE1k-124	70.52	2116
119_7RvvUsDDE1k-126	11.32	340
119_7RvvUsDDE1k-127	24.34	730
119_7RvvUsDDE1k-128	136.06	4082
120_38iuT86VtFo-024	23.62	709
120_38iuT86VtFo-025	4.68	140
120_38iuT86VtFo-026	4.64	139
120_38iuT86VtFo-027	6.46	194
120_38iuT86VtFo-028	16.92	508
120_38iuT86VtFo-029	29.88	896
120_38iuT86VtFo-030	5.42	163
120_38iuT86VtFo-031	5.76	173
120_38iuT86VtFo-032	13.9	417
120_38iuT86VtFo-033	16.9	507
120_38iuT86VtFo-034	7.86	236
120_38iuT86VtFo-035	4.3	129
120_38iuT86VtFo-036	11.0	330
120_38iuT86VtFo-038	41.86	1256
120_38iuT86VtFo-039	130.28	3908
120_38iuT86VtFo-040	11.34	340
120_38iuT86VtFo-041	17.14	514
120_38iuT86VtFo-042	30.76	923
120_38iuT86VtFo-043	4.34	130
120_38iuT86VtFo-044	58.84	1765
120_38iuT86VtFo-045	22.58	677
120_38iuT86VtFo-046	52.56	1577
120_38iuT86VtFo-047	13.44	403
120_38iuT86VtFo-048	21.86	656
120_38iuT86VtFo-049	23.02	691
120_38iuT86VtFo-050	5.52	166
120_38iuT86VtFo-051	6.0	180
120_38iuT86VtFo-052	9.98	299
120_38iuT86VtFo-053	10.64	319
120_38iuT86VtFo-056	3.94	118
120_38iuT86VtFo-057	4.3	129
120_38iuT86VtFo-058	6.12	184
120_38iuT86VtFo-059	5.6	168
120_38iuT86VtFo-060	24.98	749
120_38iuT86VtFo-061	42.48	1274
120_38iuT86VtFo-062	10.14	304
120_38iuT86VtFo-063	18.74	562
120_38iuT86VtFo-064	8.5	255
120_38iuT86VtFo-065	4.3	129
120_38iuT86VtFo-066	27.18	815
120_38iuT86VtFo-067	20.56	617
120_38iuT86VtFo-068	28.1	843
120_38iuT86VtFo-069	5.18	155
120_38iuT86VtFo-070	9.94	298
120_38iuT86VtFo-071	15.96	479
120_38iuT86VtFo-072	78.16	2345
120_38iuT86VtFo-073	4.28	128
120_38iuT86VtFo-074	23.18	695
120_38iuT86VtFo-075	7.32	220
120_38iuT86VtFo-076	18.8	564
120_38iuT86VtFo-077	5.26	158
120_38iuT86VtFo-081	11.66	350
120_38iuT86VtFo-082	11.8	354
120_38iuT86VtFo-083	7.54	226
120_38iuT86VtFo-084	7.04	211
120_38iuT86VtFo-085	93.02	2791
120_38iuT86VtFo-086	5.76	173
120_38iuT86VtFo-087	30.78	923
120_38iuT86VtFo-089	15.8	474
120_38iuT86VtFo-090	3.76	113
120_38iuT86VtFo-091	83.58	2507
120_38iuT86VtFo-092	54.72	1642
120_38iuT86VtFo-093	86.0	2580
120_38iuT86VtFo-094	9.08	272
120_38iuT86VtFo-095	53.76	1613
120_38iuT86VtFo-096	32.36	971
120_38iuT86VtFo-098	18.48	554
120_38iuT86VtFo-104	10.7	321
120_38iuT86VtFo-105	6.6	198
120_38iuT86VtFo-106	7.84	235
121__26EZzJ4Cnw-009	4.18	125
121__26EZzJ4Cnw-011	32.76	983
121__26EZzJ4Cnw-012	12.86	386
121__26EZzJ4Cnw-013	7.28	218
121__26EZzJ4Cnw-014	4.62	139
121__26EZzJ4Cnw-015	14.9	447
121__26EZzJ4Cnw-016	6.56	197
121__26EZzJ4Cnw-017	4.16	125
121__26EZzJ4Cnw-018	13.48	404
121__26EZzJ4Cnw-019	8.36	251
121__26EZzJ4Cnw-021	28.06	842
121__26EZzJ4Cnw-022	4.44	133
121__26EZzJ4Cnw-023	11.6	348
121__26EZzJ4Cnw-024	14.72	442
121__26EZzJ4Cnw-025	9.56	287
121__26EZzJ4Cnw-026	7.42	223
121__26EZzJ4Cnw-028	25.72	772
121__26EZzJ4Cnw-029	39.94	1198
121__26EZzJ4Cnw-030	14.52	436
121__26EZzJ4Cnw-031	4.94	148
121__26EZzJ4Cnw-032	7.08	212
121__26EZzJ4Cnw-033	10.3	309
121__26EZzJ4Cnw-034	6.9	207
121__26EZzJ4Cnw-035	36.98	1109
121__26EZzJ4Cnw-036	15.1	453
121__26EZzJ4Cnw-037	12.78	383
121__26EZzJ4Cnw-038	6.7	201
121__26EZzJ4Cnw-039	22.9	687
121__26EZzJ4Cnw-040	14.34	430
121__26EZzJ4Cnw-041	12.14	364
121__26EZzJ4Cnw-042	28.56	857
121__26EZzJ4Cnw-043	3.62	109
121__26EZzJ4Cnw-044	3.72	112
121__26EZzJ4Cnw-045	5.48	164
121__26EZzJ4Cnw-046	57.48	1724
121__26EZzJ4Cnw-047	9.5	285
121__26EZzJ4Cnw-048	59.54	1786
121__26EZzJ4Cnw-049	65.36	1961
121__26EZzJ4Cnw-051	58.18	1745
121__26EZzJ4Cnw-052	52.02	1561
121__26EZzJ4Cnw-053	5.52	166
121__26EZzJ4Cnw-054	9.18	275
121__26EZzJ4Cnw-056	6.8	204
121__26EZzJ4Cnw-057	35.38	1061
121__26EZzJ4Cnw-058	5.54	166
121__26EZzJ4Cnw-060	3.88	116
121__26EZzJ4Cnw-061	9.66	290
121__26EZzJ4Cnw-063	10.26	308
121__26EZzJ4Cnw-064	32.78	983
121__26EZzJ4Cnw-065	8.72	262
121__26EZzJ4Cnw-066	80.16	2405
121__26EZzJ4Cnw-067	17.42	523
121__26EZzJ4Cnw-068	26.52	796
121__26EZzJ4Cnw-069	5.42	163
121__26EZzJ4Cnw-070	5.94	178
121__26EZzJ4Cnw-071	9.04	271
121__26EZzJ4Cnw-072	17.04	511
121__26EZzJ4Cnw-073	48.66	1460
121__26EZzJ4Cnw-074	82.12	2464
121__26EZzJ4Cnw-076	24.0	720
121__26EZzJ4Cnw-077	8.16	245
121__26EZzJ4Cnw-078	7.54	226
121__26EZzJ4Cnw-079	175.4	5262
121__26EZzJ4Cnw-080	8.52	256
121__26EZzJ4Cnw-081	10.74	322
121__26EZzJ4Cnw-082	38.12	1144
121__26EZzJ4Cnw-083	4.36	131
121__26EZzJ4Cnw-084	6.62	199
121__26EZzJ4Cnw-085	31.86	956
121__26EZzJ4Cnw-086	72.64	2179
121__26EZzJ4Cnw-087	27.58	827
121__26EZzJ4Cnw-088	75.86	2276
122_eMHWqoiOQOQ-025	4.68	140
122_eMHWqoiOQOQ-026	31.08	932
122_eMHWqoiOQOQ-027	6.5	195
122_eMHWqoiOQOQ-028	12.34	370
122_eMHWqoiOQOQ-029	6.44	193
122_eMHWqoiOQOQ-030	27.12	814
122_eMHWqoiOQOQ-031	5.58	167
122_eMHWqoiOQOQ-032	11.06	332
122_eMHWqoiOQOQ-033	47.4	1422
122_eMHWqoiOQOQ-034	37.3	1119
122_eMHWqoiOQOQ-035	18.18	545
122_eMHWqoiOQOQ-036	30.08	902
122_eMHWqoiOQOQ-038	23.62	709
122_eMHWqoiOQOQ-039	8.34	250
122_eMHWqoiOQOQ-040	34.02	1021
122_eMHWqoiOQOQ-041	28.62	859
122_eMHWqoiOQOQ-042	49.02	1471
122_eMHWqoiOQOQ-043	5.68	170
122_eMHWqoiOQOQ-046	19.0	570
122_eMHWqoiOQOQ-047	5.62	169
122_eMHWqoiOQOQ-048	29.34	880
122_eMHWqoiOQOQ-049	5.42	163
122_eMHWqoiOQOQ-050	14.16	425
122_eMHWqoiOQOQ-051	3.8	114
122_eMHWqoiOQOQ-052	55.3	1659
122_eMHWqoiOQOQ-054	4.94	148
122_eMHWqoiOQOQ-055	12.78	383
122_eMHWqoiOQOQ-056	14.06	422
122_eMHWqoiOQOQ-057	8.86	266
122_eMHWqoiOQOQ-058	25.66	770
122_eMHWqoiOQOQ-059	22.36	671
122_eMHWqoiOQOQ-060	4.38	131
122_eMHWqoiOQOQ-061	7.6	228
122_eMHWqoiOQOQ-062	14.9	447
122_eMHWqoiOQOQ-063	8.38	251
122_eMHWqoiOQOQ-064	10.9	327
122_eMHWqoiOQOQ-066	11.5	345
122_eMHWqoiOQOQ-067	11.66	350
122_eMHWqoiOQOQ-068	10.36	311
122_eMHWqoiOQOQ-069	8.92	268
122_eMHWqoiOQOQ-070	26.64	799
122_eMHWqoiOQOQ-071	6.18	185
122_eMHWqoiOQOQ-072	8.64	259
122_eMHWqoiOQOQ-073	3.62	109
122_eMHWqoiOQOQ-074	5.62	169
122_eMHWqoiOQOQ-075	21.54	646
122_eMHWqoiOQOQ-076	11.24	337
122_eMHWqoiOQOQ-077	13.72	412
122_eMHWqoiOQOQ-078	11.92	358
122_eMHWqoiOQOQ-080	9.62	289
122_eMHWqoiOQOQ-081	16.06	482
122_eMHWqoiOQOQ-082	22.7	681
122_eMHWqoiOQOQ-083	14.48	434
122_eMHWqoiOQOQ-084	12.38	371
122_eMHWqoiOQOQ-085	34.86	1046
122_eMHWqoiOQOQ-086	3.92	118
122_eMHWqoiOQOQ-087	9.44	283
122_eMHWqoiOQOQ-088	8.76	263
122_eMHWqoiOQOQ-089	20.38	611
122_eMHWqoiOQOQ-091	10.78	323
122_eMHWqoiOQOQ-092	5.36	161
122_eMHWqoiOQOQ-093	10.54	316
122_eMHWqoiOQOQ-094	26.04	781
122_eMHWqoiOQOQ-095	62.24	1867
122_eMHWqoiOQOQ-096	14.5	435
122_eMHWqoiOQOQ-097	22.4	672
122_eMHWqoiOQOQ-098	27.12	814
122_eMHWqoiOQOQ-099	22.46	674
122_eMHWqoiOQOQ-100	18.24	547
122_eMHWqoiOQOQ-101	24.52	736
122_eMHWqoiOQOQ-102	17.96	539
122_eMHWqoiOQOQ-103	7.92	238
122_eMHWqoiOQOQ-104	11.54	346
122_eMHWqoiOQOQ-105	25.88	776
122_eMHWqoiOQOQ-106	5.06	152
122_eMHWqoiOQOQ-107	15.0	450
122_eMHWqoiOQOQ-108	29.58	887
122_eMHWqoiOQOQ-109	36.18	1085
122_eMHWqoiOQOQ-111	37.54	1126
122_eMHWqoiOQOQ-112	14.38	431
122_eMHWqoiOQOQ-113	12.7	381
122_eMHWqoiOQOQ-114	16.18	485
122_eMHWqoiOQOQ-115	4.0	120
122_eMHWqoiOQOQ-118	8.8	264
122_eMHWqoiOQOQ-119	9.6	288
122_eMHWqoiOQOQ-120	10.02	301
122_eMHWqoiOQOQ-121	23.92	718
122_eMHWqoiOQOQ-122	26.66	800
122_eMHWqoiOQOQ-123	5.04	151
122_eMHWqoiOQOQ-124	24.96	749
122_eMHWqoiOQOQ-125	39.78	1193
122_eMHWqoiOQOQ-126	8.28	248
122_eMHWqoiOQOQ-127	11.2	336
122_eMHWqoiOQOQ-128	6.06	182
122_eMHWqoiOQOQ-130	88.6	2658
122_eMHWqoiOQOQ-131	56.98	1709
122_eMHWqoiOQOQ-132	33.72	1012
122_eMHWqoiOQOQ-133	53.64	1609
122_eMHWqoiOQOQ-134	10.22	307
122_eMHWqoiOQOQ-135	11.9	357
122_eMHWqoiOQOQ-136	9.02	271
122_eMHWqoiOQOQ-137	23.38	701
122_eMHWqoiOQOQ-138	5.62	169
122_eMHWqoiOQOQ-139	15.4	462
123_2NNCv66bsJY-002	5.08	152
123_2NNCv66bsJY-028	8.64	259
123_2NNCv66bsJY-029	4.46	134
123_2NNCv66bsJY-030	4.08	122
123_2NNCv66bsJY-031	6.26	188
123_2NNCv66bsJY-032	30.76	923
123_2NNCv66bsJY-033	18.24	547
123_2NNCv66bsJY-034	6.9	207
123_2NNCv66bsJY-035	7.84	235
123_2NNCv66bsJY-036	47.04	1411
123_2NNCv66bsJY-037	51.16	1535
123_2NNCv66bsJY-038	9.46	284
123_2NNCv66bsJY-039	11.7	351
123_2NNCv66bsJY-040	7.3	219
123_2NNCv66bsJY-041	36.12	1084
123_2NNCv66bsJY-042	18.56	557
123_2NNCv66bsJY-043	11.3	339
123_2NNCv66bsJY-044	15.92	478
123_2NNCv66bsJY-045	5.54	166
123_2NNCv66bsJY-046	7.58	227
123_2NNCv66bsJY-047	8.88	266
123_2NNCv66bsJY-048	7.5	225
123_2NNCv66bsJY-049	15.68	470
123_2NNCv66bsJY-050	24.68	740
123_2NNCv66bsJY-051	18.32	550
123_2NNCv66bsJY-052	14.44	433
123_2NNCv66bsJY-053	6.42	193
123_2NNCv66bsJY-054	14.44	433
123_2NNCv66bsJY-055	20.8	624
123_2NNCv66bsJY-056	4.12	124
123_2NNCv66bsJY-057	17.54	526
123_2NNCv66bsJY-058	36.36	1091
123_2NNCv66bsJY-059	22.88	686
123_2NNCv66bsJY-060	3.86	116
123_2NNCv66bsJY-061	17.34	520
123_2NNCv66bsJY-062	7.38	221
123_2NNCv66bsJY-063	6.52	196
123_2NNCv66bsJY-064	35.1	1053
123_2NNCv66bsJY-065	46.8	1404
123_2NNCv66bsJY-068	12.16	365
123_2NNCv66bsJY-069	13.52	406
123_2NNCv66bsJY-070	11.9	357
123_2NNCv66bsJY-072	13.38	401
123_2NNCv66bsJY-073	17.26	518
123_2NNCv66bsJY-074	17.7	531
123_2NNCv66bsJY-075	21.08	632
123_2NNCv66bsJY-076	4.08	122
123_2NNCv66bsJY-077	9.16	275
123_2NNCv66bsJY-078	18.64	559
123_2NNCv66bsJY-079	65.6	1968
123_2NNCv66bsJY-080	6.68	200
123_2NNCv66bsJY-081	12.8	384
123_2NNCv66bsJY-082	3.64	109
123_2NNCv66bsJY-084	12.18	365
123_2NNCv66bsJY-085	3.64	109
123_2NNCv66bsJY-086	5.7	171
123_2NNCv66bsJY-087	4.44	133
123_2NNCv66bsJY-089	5.08	152
123_2NNCv66bsJY-090	13.86	416
123_2NNCv66bsJY-091	8.58	257
123_2NNCv66bsJY-092	10.24	307
123_2NNCv66bsJY-093	19.56	587
123_2NNCv66bsJY-094	5.72	172
123_2NNCv66bsJY-096	22.52	676
123_2NNCv66bsJY-098	4.78	143
123_2NNCv66bsJY-099	3.76	113
123_2NNCv66bsJY-100	8.56	257
123_2NNCv66bsJY-101	17.64	529
123_2NNCv66bsJY-102	19.22	577
123_2NNCv66bsJY-103	52.76	1583
123_2NNCv66bsJY-104	21.28	638
123_2NNCv66bsJY-105	21.8	654
123_2NNCv66bsJY-106	3.72	112
123_2NNCv66bsJY-108	9.74	292
123_2NNCv66bsJY-109	15.12	454
123_2NNCv66bsJY-111	4.54	136
123_2NNCv66bsJY-113	47.94	1438
123_2NNCv66bsJY-115	27.9	837
123_2NNCv66bsJY-116	15.96	479
123_2NNCv66bsJY-117	12.48	374
123_2NNCv66bsJY-118	59.96	1799
123_2NNCv66bsJY-119	47.76	1433
123_2NNCv66bsJY-120	8.76	263
123_2NNCv66bsJY-121	11.9	357
123_2NNCv66bsJY-122	8.62	259
123_2NNCv66bsJY-123	74.12	2224
123_2NNCv66bsJY-124	30.68	920
123_2NNCv66bsJY-125	13.04	391
123_2NNCv66bsJY-126	19.68	590
123_2NNCv66bsJY-128	22.1	663
123_2NNCv66bsJY-129	11.18	335
123_2NNCv66bsJY-130	48.72	1462
123_2NNCv66bsJY-131	13.2	396
123_2NNCv66bsJY-132	4.7	141
123_2NNCv66bsJY-133	28.74	862
123_2NNCv66bsJY-134	11.8	354
123_2NNCv66bsJY-136	8.3	249
123_2NNCv66bsJY-137	5.98	179
123_2NNCv66bsJY-139	73.88	2216
123_2NNCv66bsJY-140	22.3	669
123_2NNCv66bsJY-141	8.0	240
123_2NNCv66bsJY-142	11.86	356
123_2NNCv66bsJY-143	40.26	1208
123_2NNCv66bsJY-144	3.9	117
123_2NNCv66bsJY-146	73.8	2214
124_3fMXjVVzX0g-023	34.4	1032
124_3fMXjVVzX0g-024	38.5	1155
124_3fMXjVVzX0g-025	4.74	142
124_3fMXjVVzX0g-026	7.52	226
124_3fMXjVVzX0g-027	11.3	339
124_3fMXjVVzX0g-028	11.6	348
124_3fMXjVVzX0g-029	8.44	253
124_3fMXjVVzX0g-030	8.26	248
124_3fMXjVVzX0g-031	16.78	503
124_3fMXjVVzX0g-032	7.0	210
124_3fMXjVVzX0g-033	5.02	151
124_3fMXjVVzX0g-035	7.16	215
124_3fMXjVVzX0g-036	32.18	965
124_3fMXjVVzX0g-037	12.16	365
124_3fMXjVVzX0g-038	11.74	352
124_3fMXjVVzX0g-039	12.82	385
124_3fMXjVVzX0g-040	42.84	1285
124_3fMXjVVzX0g-041	4.82	145
124_3fMXjVVzX0g-042	19.1	573
124_3fMXjVVzX0g-043	12.36	371
124_3fMXjVVzX0g-044	11.9	357
124_3fMXjVVzX0g-045	15.86	476
124_3fMXjVVzX0g-046	4.14	124
124_3fMXjVVzX0g-047	10.78	323
124_3fMXjVVzX0g-048	17.92	538
124_3fMXjVVzX0g-049	16.74	502
124_3fMXjVVzX0g-050	15.0	450
124_3fMXjVVzX0g-051	3.94	118
124_3fMXjVVzX0g-052	10.76	323
124_3fMXjVVzX0g-053	14.28	428
124_3fMXjVVzX0g-055	15.46	464
124_3fMXjVVzX0g-056	18.78	563
124_3fMXjVVzX0g-058	7.64	229
124_3fMXjVVzX0g-061	14.62	439
124_3fMXjVVzX0g-062	89.86	2696
124_3fMXjVVzX0g-063	38.68	1160
124_3fMXjVVzX0g-064	7.92	238
124_3fMXjVVzX0g-065	6.02	181
124_3fMXjVVzX0g-066	6.96	209
124_3fMXjVVzX0g-067	11.04	331
124_3fMXjVVzX0g-068	36.02	1081
124_3fMXjVVzX0g-069	26.02	781
124_3fMXjVVzX0g-070	13.16	395
124_3fMXjVVzX0g-072	57.82	1735
124_3fMXjVVzX0g-073	11.2	336
124_3fMXjVVzX0g-074	4.92	148
124_3fMXjVVzX0g-075	7.02	211
124_3fMXjVVzX0g-077	13.4	402
124_3fMXjVVzX0g-078	33.42	1003
124_3fMXjVVzX0g-079	9.36	281
124_3fMXjVVzX0g-080	15.02	451
124_3fMXjVVzX0g-081	32.52	976
124_3fMXjVVzX0g-082	5.68	170
124_3fMXjVVzX0g-083	13.66	410
124_3fMXjVVzX0g-084	34.6	1038
124_3fMXjVVzX0g-085	21.98	659
124_3fMXjVVzX0g-086	5.54	166
124_3fMXjVVzX0g-087	18.4	552
124_3fMXjVVzX0g-088	15.78	473
124_3fMXjVVzX0g-089	46.12	1384
124_3fMXjVVzX0g-090	10.14	304
124_3fMXjVVzX0g-091	16.86	506
124_3fMXjVVzX0g-092	12.06	362
124_3fMXjVVzX0g-093	11.34	340
124_3fMXjVVzX0g-094	11.52	346
124_3fMXjVVzX0g-095	41.22	1237
124_3fMXjVVzX0g-096	76.34	2290
124_3fMXjVVzX0g-098	11.7	351
124_3fMXjVVzX0g-099	74.84	2245
124_3fMXjVVzX0g-100	7.14	214
124_3fMXjVVzX0g-102	15.9	477
124_3fMXjVVzX0g-103	9.44	283
124_3fMXjVVzX0g-104	18.5	555
124_3fMXjVVzX0g-105	12.96	389
124_3fMXjVVzX0g-106	20.3	609
124_3fMXjVVzX0g-107	12.7	381
124_3fMXjVVzX0g-108	11.7	351
124_3fMXjVVzX0g-109	14.5	435
124_3fMXjVVzX0g-110	24.7	741
124_3fMXjVVzX0g-111	25.44	763
124_3fMXjVVzX0g-112	8.88	266
124_3fMXjVVzX0g-113	16.66	500
124_3fMXjVVzX0g-114	7.22	217
124_3fMXjVVzX0g-115	26.98	809
124_3fMXjVVzX0g-116	37.92	1138
124_3fMXjVVzX0g-118	7.18	215
124_3fMXjVVzX0g-119	13.74	412
124_3fMXjVVzX0g-120	22.84	685
124_3fMXjVVzX0g-121	20.48	614
124_3fMXjVVzX0g-122	11.0	330
124_3fMXjVVzX0g-123	19.94	598
124_3fMXjVVzX0g-124	12.36	371
124_3fMXjVVzX0g-126	16.28	488
125_P8UmiZUyvuQ-015	8.48	254
125_P8UmiZUyvuQ-017	12.82	385
125_P8UmiZUyvuQ-018	9.64	289
125_P8UmiZUyvuQ-019	6.94	208
125_P8UmiZUyvuQ-020	54.22	1627
125_P8UmiZUyvuQ-021	47.48	1424
125_P8UmiZUyvuQ-022	6.24	187
125_P8UmiZUyvuQ-023	13.2	396
125_P8UmiZUyvuQ-024	36.34	1090
125_P8UmiZUyvuQ-025	17.56	527
125_P8UmiZUyvuQ-026	10.78	323
125_P8UmiZUyvuQ-027	15.04	451
125_P8UmiZUyvuQ-029	11.14	334
125_P8UmiZUyvuQ-030	19.42	583
125_P8UmiZUyvuQ-031	17.7	531
125_P8UmiZUyvuQ-032	15.98	479
125_P8UmiZUyvuQ-033	3.66	110
125_P8UmiZUyvuQ-034	19.34	580
125_P8UmiZUyvuQ-035	5.76	173
125_P8UmiZUyvuQ-036	23.9	717
125_P8UmiZUyvuQ-037	20.52	616
125_P8UmiZUyvuQ-038	6.18	185
125_P8UmiZUyvuQ-039	10.66	320
125_P8UmiZUyvuQ-040	4.3	129
125_P8UmiZUyvuQ-041	21.66	650
125_P8UmiZUyvuQ-042	12.28	368
125_P8UmiZUyvuQ-043	5.52	166
125_P8UmiZUyvuQ-044	13.88	416
125_P8UmiZUyvuQ-045	18.32	550
125_P8UmiZUyvuQ-046	9.1	273
125_P8UmiZUyvuQ-047	26.42	793
125_P8UmiZUyvuQ-048	18.72	562
125_P8UmiZUyvuQ-049	6.02	181
125_P8UmiZUyvuQ-050	9.46	284
125_P8UmiZUyvuQ-051	26.1	783
125_P8UmiZUyvuQ-052	6.58	197
125_P8UmiZUyvuQ-053	12.38	371
125_P8UmiZUyvuQ-055	6.18	185
125_P8UmiZUyvuQ-056	15.8	474
125_P8UmiZUyvuQ-057	9.12	274
125_P8UmiZUyvuQ-058	10.1	303
125_P8UmiZUyvuQ-059	12.74	382
125_P8UmiZUyvuQ-060	12.96	389
125_P8UmiZUyvuQ-061	43.0	1290
125_P8UmiZUyvuQ-062	22.46	674
125_P8UmiZUyvuQ-063	17.58	527
125_P8UmiZUyvuQ-064	20.22	607
125_P8UmiZUyvuQ-065	7.3	219
125_P8UmiZUyvuQ-066	28.02	841
125_P8UmiZUyvuQ-067	8.8	264
125_P8UmiZUyvuQ-068	9.2	276
125_P8UmiZUyvuQ-069	28.36	851
125_P8UmiZUyvuQ-070	33.16	995
125_P8UmiZUyvuQ-071	33.16	995
125_P8UmiZUyvuQ-072	10.54	316
125_P8UmiZUyvuQ-073	15.54	466
125_P8UmiZUyvuQ-074	35.8	1074
125_P8UmiZUyvuQ-075	9.52	286
125_P8UmiZUyvuQ-076	36.2	1086
125_P8UmiZUyvuQ-078	53.98	1619
125_P8UmiZUyvuQ-079	29.32	880
125_P8UmiZUyvuQ-080	13.78	413
125_P8UmiZUyvuQ-081	13.36	401
125_P8UmiZUyvuQ-082	53.64	1609
125_P8UmiZUyvuQ-083	28.32	850
125_P8UmiZUyvuQ-084	19.52	586
125_P8UmiZUyvuQ-085	7.02	211
125_P8UmiZUyvuQ-088	6.3	189
125_P8UmiZUyvuQ-090	7.78	233
125_P8UmiZUyvuQ-091	58.6	1758
125_P8UmiZUyvuQ-092	59.02	1771
125_P8UmiZUyvuQ-095	10.24	307
125_P8UmiZUyvuQ-096	79.16	2375
126_FQrNLqa8kO0-006	24.6	738
126_FQrNLqa8kO0-023	10.62	319
126_FQrNLqa8kO0-024	22.4	672
126_FQrNLqa8kO0-025	3.84	115
126_FQrNLqa8kO0-026	7.84	235
126_FQrNLqa8kO0-027	25.68	770
126_FQrNLqa8kO0-029	6.36	191
126_FQrNLqa8kO0-030	39.1	1173
126_FQrNLqa8kO0-031	24.84	745
126_FQrNLqa8kO0-032	4.96	149
126_FQrNLqa8kO0-033	6.54	196
126_FQrNLqa8kO0-034	5.74	172
126_FQrNLqa8kO0-035	17.22	517
126_FQrNLqa8kO0-036	52.98	1589
126_FQrNLqa8kO0-037	6.52	196
126_FQrNLqa8kO0-038	18.54	556
126_FQrNLqa8kO0-039	6.78	203
126_FQrNLqa8kO0-040	22.08	662
126_FQrNLqa8kO0-041	4.98	149
126_FQrNLqa8kO0-042	63.32	1900
126_FQrNLqa8kO0-043	16.72	502
126_FQrNLqa8kO0-044	56.24	1687
126_FQrNLqa8kO0-045	5.78	173
126_FQrNLqa8kO0-046	3.68	110
126_FQrNLqa8kO0-047	7.42	223
126_FQrNLqa8kO0-048	20.52	616
126_FQrNLqa8kO0-050	32.36	971
126_FQrNLqa8kO0-051	87.28	2618
126_FQrNLqa8kO0-052	6.88	206
126_FQrNLqa8kO0-053	4.48	134
126_FQrNLqa8kO0-054	29.84	895
126_FQrNLqa8kO0-055	8.5	255
126_FQrNLqa8kO0-058	73.9	2217
126_FQrNLqa8kO0-059	32.1	963
126_FQrNLqa8kO0-060	6.7	201
126_FQrNLqa8kO0-061	71.36	2141
126_FQrNLqa8kO0-062	5.78	173
126_FQrNLqa8kO0-063	15.5	465
126_FQrNLqa8kO0-064	23.6	708
126_FQrNLqa8kO0-065	8.48	254
126_FQrNLqa8kO0-066	19.86	596
126_FQrNLqa8kO0-067	5.4	162
126_FQrNLqa8kO0-068	14.9	447
126_FQrNLqa8kO0-069	107.48	3224
126_FQrNLqa8kO0-072	22.36	671
126_FQrNLqa8kO0-073	7.66	230
126_FQrNLqa8kO0-074	6.32	190
126_FQrNLqa8kO0-075	7.42	223
126_FQrNLqa8kO0-076	3.98	119
126_FQrNLqa8kO0-077	37.88	1136
126_FQrNLqa8kO0-079	11.62	349
126_FQrNLqa8kO0-080	12.5	375
126_FQrNLqa8kO0-081	7.6	228
126_FQrNLqa8kO0-082	7.26	218
126_FQrNLqa8kO0-083	11.44	343
126_FQrNLqa8kO0-084	21.08	632
126_FQrNLqa8kO0-085	80.74	2422
126_FQrNLqa8kO0-086	10.32	310
126_FQrNLqa8kO0-087	10.74	322
126_FQrNLqa8kO0-088	7.78	233
126_FQrNLqa8kO0-089	16.16	485
126_FQrNLqa8kO0-091	4.54	136
126_FQrNLqa8kO0-092	60.16	1805
126_FQrNLqa8kO0-093	12.0	360
126_FQrNLqa8kO0-094	55.1	1653
126_FQrNLqa8kO0-095	16.2	486
126_FQrNLqa8kO0-096	17.06	512
126_FQrNLqa8kO0-097	5.38	161
126_FQrNLqa8kO0-098	76.46	2294
126_FQrNLqa8kO0-099	54.58	1637
126_FQrNLqa8kO0-100	7.42	223
126_FQrNLqa8kO0-101	22.56	677
126_FQrNLqa8kO0-102	4.34	130
126_FQrNLqa8kO0-103	6.5	195
126_FQrNLqa8kO0-104	9.5	285
126_FQrNLqa8kO0-105	11.42	343
126_FQrNLqa8kO0-106	151.64	4549
126_FQrNLqa8kO0-108	12.48	374
126_FQrNLqa8kO0-111	53.52	1606
126_FQrNLqa8kO0-112	10.52	316
126_FQrNLqa8kO0-113	13.86	416
126_FQrNLqa8kO0-114	36.0	1080
126_FQrNLqa8kO0-115	87.34	2620
127_IOTDkurwFpM-023	4.8	144
127_IOTDkurwFpM-024	15.02	451
127_IOTDkurwFpM-025	7.46	224
127_IOTDkurwFpM-026	8.3	249
127_IOTDkurwFpM-027	18.3	549
127_IOTDkurwFpM-028	4.5	135
127_IOTDkurwFpM-029	6.16	185
127_IOTDkurwFpM-030	4.76	143
127_IOTDkurwFpM-032	6.94	208
127_IOTDkurwFpM-033	9.62	289
127_IOTDkurwFpM-034	6.62	199
127_IOTDkurwFpM-035	9.74	292
127_IOTDkurwFpM-036	26.2	786
127_IOTDkurwFpM-037	8.32	250
127_IOTDkurwFpM-038	9.68	290
127_IOTDkurwFpM-039	5.56	167
127_IOTDkurwFpM-040	7.44	223
127_IOTDkurwFpM-041	46.18	1385
127_IOTDkurwFpM-042	5.82	175
127_IOTDkurwFpM-043	6.46	194
127_IOTDkurwFpM-044	12.38	371
127_IOTDkurwFpM-046	15.86	476
127_IOTDkurwFpM-047	12.82	385
127_IOTDkurwFpM-048	12.12	364
127_IOTDkurwFpM-049	23.56	707
127_IOTDkurwFpM-050	16.04	481
127_IOTDkurwFpM-051	5.12	154
127_IOTDkurwFpM-052	8.2	246
127_IOTDkurwFpM-053	39.28	1178
127_IOTDkurwFpM-054	7.66	230
127_IOTDkurwFpM-055	6.24	187
127_IOTDkurwFpM-056	72.0	2160
127_IOTDkurwFpM-057	4.84	145
127_IOTDkurwFpM-058	4.16	125
127_IOTDkurwFpM-059	82.66	2480
127_IOTDkurwFpM-060	17.26	518
127_IOTDkurwFpM-061	41.3	1239
127_IOTDkurwFpM-062	26.2	786
127_IOTDkurwFpM-063	22.46	674
127_IOTDkurwFpM-065	18.12	544
127_IOTDkurwFpM-066	59.02	1771
127_IOTDkurwFpM-067	5.34	160
127_IOTDkurwFpM-068	4.86	146
127_IOTDkurwFpM-069	6.4	192
127_IOTDkurwFpM-070	14.38	431
127_IOTDkurwFpM-071	18.24	547
127_IOTDkurwFpM-072	17.32	520
127_IOTDkurwFpM-073	8.24	247
127_IOTDkurwFpM-074	12.4	372
127_IOTDkurwFpM-075	18.64	559
127_IOTDkurwFpM-076	49.14	1474
127_IOTDkurwFpM-077	5.24	157
127_IOTDkurwFpM-078	9.32	280
127_IOTDkurwFpM-079	24.08	722
127_IOTDkurwFpM-080	18.58	557
127_IOTDkurwFpM-081	60.78	1823
127_IOTDkurwFpM-082	11.44	343
127_IOTDkurwFpM-083	73.52	2206
127_IOTDkurwFpM-085	17.96	539
127_IOTDkurwFpM-086	27.34	820
127_IOTDkurwFpM-087	6.08	182
127_IOTDkurwFpM-088	22.5	675
127_IOTDkurwFpM-089	28.54	856
127_IOTDkurwFpM-090	6.54	196
127_IOTDkurwFpM-091	58.46	1754
127_IOTDkurwFpM-092	9.38	281
127_IOTDkurwFpM-093	11.7	351
127_IOTDkurwFpM-094	15.1	453
127_IOTDkurwFpM-096	34.02	1021
127_IOTDkurwFpM-097	112.34	3370
127_IOTDkurwFpM-099	89.68	2690
128_Uvj4r0u7DUk-021	94.4	2832
128_Uvj4r0u7DUk-022	22.3	669
128_Uvj4r0u7DUk-023	10.02	301
128_Uvj4r0u7DUk-024	17.94	538
128_Uvj4r0u7DUk-025	24.7	741
128_Uvj4r0u7DUk-026	36.48	1094
128_Uvj4r0u7DUk-027	9.92	298
128_Uvj4r0u7DUk-028	64.28	1928
128_Uvj4r0u7DUk-029	22.42	673
128_Uvj4r0u7DUk-030	64.34	1930
128_Uvj4r0u7DUk-031	16.86	506
128_Uvj4r0u7DUk-032	5.54	166
128_Uvj4r0u7DUk-033	34.64	1039
128_Uvj4r0u7DUk-034	4.28	128
128_Uvj4r0u7DUk-035	9.14	274
128_Uvj4r0u7DUk-036	7.22	217
128_Uvj4r0u7DUk-037	9.42	283
128_Uvj4r0u7DUk-038	38.98	1169
128_Uvj4r0u7DUk-039	26.28	788
128_Uvj4r0u7DUk-040	10.34	310
128_Uvj4r0u7DUk-041	12.22	367
128_Uvj4r0u7DUk-042	11.74	352
128_Uvj4r0u7DUk-043	11.74	352
128_Uvj4r0u7DUk-044	16.28	488
128_Uvj4r0u7DUk-045	4.28	128
128_Uvj4r0u7DUk-046	22.86	686
128_Uvj4r0u7DUk-047	31.88	956
128_Uvj4r0u7DUk-048	12.1	363
128_Uvj4r0u7DUk-049	5.38	161
128_Uvj4r0u7DUk-050	25.62	769
128_Uvj4r0u7DUk-051	18.58	557
128_Uvj4r0u7DUk-052	16.42	493
128_Uvj4r0u7DUk-053	124.46	3734
128_Uvj4r0u7DUk-054	64.26	1928
128_Uvj4r0u7DUk-055	77.26	2318
128_Uvj4r0u7DUk-056	156.32	4690
128_Uvj4r0u7DUk-057	20.62	619
128_Uvj4r0u7DUk-058	9.9	297
128_Uvj4r0u7DUk-059	8.72	262
128_Uvj4r0u7DUk-060	6.0	180
128_Uvj4r0u7DUk-061	30.18	905
128_Uvj4r0u7DUk-062	14.28	428
128_Uvj4r0u7DUk-063	113.24	3397
129_iiAG__IlCM0-017	9.08	272
129_iiAG__IlCM0-018	8.9	267
129_iiAG__IlCM0-019	5.26	158
129_iiAG__IlCM0-020	4.84	145
129_iiAG__IlCM0-021	5.86	176
129_iiAG__IlCM0-022	35.66	1070
129_iiAG__IlCM0-023	7.04	211
129_iiAG__IlCM0-024	9.44	283
129_iiAG__IlCM0-025	6.66	200
129_iiAG__IlCM0-026	4.38	131
129_iiAG__IlCM0-027	19.62	589
129_iiAG__IlCM0-028	4.04	121
129_iiAG__IlCM0-029	7.36	221
129_iiAG__IlCM0-030	9.46	284
129_iiAG__IlCM0-031	13.36	401
129_iiAG__IlCM0-032	6.62	199
129_iiAG__IlCM0-033	6.34	190
129_iiAG__IlCM0-034	9.14	274
129_iiAG__IlCM0-035	12.56	377
129_iiAG__IlCM0-036	38.1	1143
129_iiAG__IlCM0-037	10.16	305
129_iiAG__IlCM0-038	12.56	377
129_iiAG__IlCM0-040	6.64	199
129_iiAG__IlCM0-041	20.28	608
129_iiAG__IlCM0-043	4.56	137
129_iiAG__IlCM0-044	15.58	467
129_iiAG__IlCM0-045	23.22	697
129_iiAG__IlCM0-046	33.4	1002
129_iiAG__IlCM0-047	6.02	181
129_iiAG__IlCM0-048	7.3	219
129_iiAG__IlCM0-049	3.8	114
129_iiAG__IlCM0-050	8.04	241
129_iiAG__IlCM0-051	9.12	274
129_iiAG__IlCM0-052	28.58	857
129_iiAG__IlCM0-053	40.24	1207
129_iiAG__IlCM0-054	9.14	274
129_iiAG__IlCM0-055	4.22	127
129_iiAG__IlCM0-056	11.38	341
129_iiAG__IlCM0-057	8.28	248
129_iiAG__IlCM0-059	8.64	259
129_iiAG__IlCM0-060	6.14	184
129_iiAG__IlCM0-061	4.18	125
129_iiAG__IlCM0-062	6.9	207
129_iiAG__IlCM0-063	4.36	131
129_iiAG__IlCM0-064	8.18	245
129_iiAG__IlCM0-065	34.8	1044
129_iiAG__IlCM0-066	15.92	478
129_iiAG__IlCM0-068	25.78	773
129_iiAG__IlCM0-069	7.28	218
129_iiAG__IlCM0-070	12.14	364
129_iiAG__IlCM0-071	4.62	139
129_iiAG__IlCM0-072	11.38	341
129_iiAG__IlCM0-073	6.74	202
129_iiAG__IlCM0-074	5.12	154
129_iiAG__IlCM0-075	58.54	1756
129_iiAG__IlCM0-076	8.92	268
129_iiAG__IlCM0-077	7.1	213
129_iiAG__IlCM0-078	7.78	233
129_iiAG__IlCM0-080	23.82	715
129_iiAG__IlCM0-081	46.84	1405
129_iiAG__IlCM0-082	22.12	664
129_iiAG__IlCM0-083	4.7	141
129_iiAG__IlCM0-084	21.98	659
129_iiAG__IlCM0-085	6.88	206
129_iiAG__IlCM0-086	14.82	445
129_iiAG__IlCM0-087	7.68	230
129_iiAG__IlCM0-088	13.2	396
129_iiAG__IlCM0-090	14.78	443
129_iiAG__IlCM0-091	17.32	520
129_iiAG__IlCM0-092	8.04	241
129_iiAG__IlCM0-093	7.4	222
129_iiAG__IlCM0-094	46.54	1396
129_iiAG__IlCM0-095	27.54	826
129_iiAG__IlCM0-096	25.94	778
129_iiAG__IlCM0-097	5.9	177
129_iiAG__IlCM0-098	7.78	233
129_iiAG__IlCM0-099	15.46	464
129_iiAG__IlCM0-100	22.0	660
129_iiAG__IlCM0-101	9.54	286
129_iiAG__IlCM0-102	6.94	208
129_iiAG__IlCM0-104	7.66	230
129_iiAG__IlCM0-107	31.52	946
129_iiAG__IlCM0-108	13.36	401
129_iiAG__IlCM0-110	6.18	185
129_iiAG__IlCM0-111	9.24	277
129_iiAG__IlCM0-113	6.26	188
129_iiAG__IlCM0-114	35.46	1064
129_iiAG__IlCM0-115	9.92	298
129_iiAG__IlCM0-116	8.3	249
129_iiAG__IlCM0-118	23.06	692
129_iiAG__IlCM0-119	10.5	315
129_iiAG__IlCM0-120	12.54	376
129_iiAG__IlCM0-121	20.76	623
129_iiAG__IlCM0-122	6.1	183
129_iiAG__IlCM0-123	37.62	1129
129_iiAG__IlCM0-124	18.54	556
129_iiAG__IlCM0-125	9.16	275
129_iiAG__IlCM0-126	81.12	2434
129_iiAG__IlCM0-129	110.82	3325
130_bdLV9lbOMms-014	4.74	142
130_bdLV9lbOMms-015	22.78	683
130_bdLV9lbOMms-016	5.56	167
130_bdLV9lbOMms-017	8.58	257
130_bdLV9lbOMms-018	5.92	178
130_bdLV9lbOMms-020	18.82	565
130_bdLV9lbOMms-021	51.28	1538
130_bdLV9lbOMms-022	23.94	718
130_bdLV9lbOMms-023	13.92	418
130_bdLV9lbOMms-025	21.72	652
130_bdLV9lbOMms-026	11.04	331
130_bdLV9lbOMms-027	17.68	530
130_bdLV9lbOMms-028	26.44	793
130_bdLV9lbOMms-029	13.66	410
130_bdLV9lbOMms-030	25.78	773
130_bdLV9lbOMms-031	22.8	684
130_bdLV9lbOMms-032	11.22	337
130_bdLV9lbOMms-033	38.82	1165
130_bdLV9lbOMms-034	9.4	282
130_bdLV9lbOMms-035	43.56	1307
130_bdLV9lbOMms-036	28.8	864
130_bdLV9lbOMms-037	5.1	153
130_bdLV9lbOMms-038	16.58	497
130_bdLV9lbOMms-039	6.86	206
130_bdLV9lbOMms-040	6.44	193
130_bdLV9lbOMms-041	20.52	616
130_bdLV9lbOMms-043	40.9	1227
130_bdLV9lbOMms-044	25.0	750
130_bdLV9lbOMms-045	33.24	997
130_bdLV9lbOMms-046	17.82	535
130_bdLV9lbOMms-047	110.02	3301
130_bdLV9lbOMms-048	13.38	401
130_bdLV9lbOMms-049	30.44	913
130_bdLV9lbOMms-050	7.52	226
130_bdLV9lbOMms-051	39.24	1177
130_bdLV9lbOMms-052	3.64	109
130_bdLV9lbOMms-053	6.7	201
130_bdLV9lbOMms-054	27.76	833
130_bdLV9lbOMms-055	7.24	217
130_bdLV9lbOMms-057	5.44	163
130_bdLV9lbOMms-058	12.42	373
130_bdLV9lbOMms-059	44.74	1342
130_bdLV9lbOMms-060	66.78	2003
130_bdLV9lbOMms-061	8.56	257
130_bdLV9lbOMms-063	212.86	6386
130_bdLV9lbOMms-065	56.9	1707
130_bdLV9lbOMms-067	67.26	2018
130_bdLV9lbOMms-068	23.62	709
130_bdLV9lbOMms-069	19.46	584
130_bdLV9lbOMms-070	91.78	2753
130_bdLV9lbOMms-072	151.62	4549
044_jsjcmOKtVqs-013	6.489816666666667	195
044_jsjcmOKtVqs-040	31.48145	944
044_jsjcmOKtVqs-041	6.45645	194
044_jsjcmOKtVqs-042	21.8218	655
044_jsjcmOKtVqs-043	12.796116666666666	384
044_jsjcmOKtVqs-044	33.68365	1011
044_jsjcmOKtVqs-045	15.3153	459
044_jsjcmOKtVqs-046	20.804116666666665	624
044_jsjcmOKtVqs-047	29.77975	893
044_jsjcmOKtVqs-048	8.692016666666667	261
044_jsjcmOKtVqs-049	9.142466666666667	274
044_jsjcmOKtVqs-050	17.967950000000002	539
044_jsjcmOKtVqs-051	32.29893333333333	969
044_jsjcmOKtVqs-052	53.720333333333336	1612
044_jsjcmOKtVqs-053	12.245566666666667	367
044_jsjcmOKtVqs-054	6.740066666666666	202
044_jsjcmOKtVqs-055	11.06105	332
044_jsjcmOKtVqs-056	15.86585	476
044_jsjcmOKtVqs-057	54.788066666666666	1644
044_jsjcmOKtVqs-058	10.5105	315
044_jsjcmOKtVqs-059	8.925583333333334	268
044_jsjcmOKtVqs-060	14.531183333333333	436
044_jsjcmOKtVqs-061	10.794116666666667	324
044_jsjcmOKtVqs-062	43.91053333333333	1317
044_jsjcmOKtVqs-063	24.891533333333335	747
044_jsjcmOKtVqs-064	48.665283333333335	1460
044_jsjcmOKtVqs-066	8.375033333333333	251
044_jsjcmOKtVqs-067	15.498816666666666	465
044_jsjcmOKtVqs-068	3.2699333333333334	98
044_jsjcmOKtVqs-069	3.8371666666666666	115
044_jsjcmOKtVqs-070	9.4094	282
044_jsjcmOKtVqs-071	45.045	1351
044_jsjcmOKtVqs-072	53.43671666666667	1603
044_jsjcmOKtVqs-073	15.498816666666666	465
044_jsjcmOKtVqs-074	16.06605	482
044_jsjcmOKtVqs-075	8.25825	248
044_jsjcmOKtVqs-076	9.6096	288
044_jsjcmOKtVqs-077	14.9149	447
044_jsjcmOKtVqs-078	47.814433333333334	1434
044_jsjcmOKtVqs-079	5.4054	162
044_jsjcmOKtVqs-080	14.781433333333334	443
044_jsjcmOKtVqs-081	3.937266666666667	118
044_jsjcmOKtVqs-082	75.15841666666667	2255
044_jsjcmOKtVqs-083	27.944583333333334	838
044_jsjcmOKtVqs-084	19.319300000000002	580
044_jsjcmOKtVqs-085	4.971633333333333	149
044_jsjcmOKtVqs-086	9.45945	284
044_jsjcmOKtVqs-087	49.83311666666667	1495
044_jsjcmOKtVqs-088	28.395033333333334	852
044_jsjcmOKtVqs-089	13.730383333333334	412
044_jsjcmOKtVqs-090	22.8228	685
044_jsjcmOKtVqs-091	15.298616666666668	459
044_jsjcmOKtVqs-092	16.399716666666666	492
044_jsjcmOKtVqs-093	16.449766666666665	493
044_jsjcmOKtVqs-094	8.541866666666667	256
044_jsjcmOKtVqs-095	11.928583333333334	358
044_jsjcmOKtVqs-096	3.95395	119
044_jsjcmOKtVqs-097	10.543866666666666	316
044_jsjcmOKtVqs-098	126.19273333333334	3786
044_jsjcmOKtVqs-099	24.708016666666666	741
044_jsjcmOKtVqs-100	26.4264	793
044_jsjcmOKtVqs-101	57.87448333333334	1736
044_jsjcmOKtVqs-102	72.22215	2167
044_jsjcmOKtVqs-130	8.825483333333333	265
044_jsjcmOKtVqs-132	7.0236833333333335	211
044_jsjcmOKtVqs-133	6.139466666666666	184
044_jsjcmOKtVqs-134	6.539866666666667	196
044_jsjcmOKtVqs-135	4.087416666666667	123
045_P1zBCfkJq8I-041	3.6536500000000003	110
045_P1zBCfkJq8I-042	53.520133333333334	1606
045_P1zBCfkJq8I-043	6.4064000000000005	192
045_P1zBCfkJq8I-044	60.543816666666665	1816
045_P1zBCfkJq8I-045	5.622283333333334	169
045_P1zBCfkJq8I-046	34.734700000000004	1042
045_P1zBCfkJq8I-047	85.20178333333334	2556
045_P1zBCfkJq8I-048	16.499816666666668	495
045_P1zBCfkJq8I-049	39.606233333333336	1188
045_P1zBCfkJq8I-050	3.6703333333333332	110
045_P1zBCfkJq8I-051	10.577233333333334	317
045_P1zBCfkJq8I-052	60.52713333333333	1816
045_P1zBCfkJq8I-053	30.7307	922
045_P1zBCfkJq8I-054	18.301616666666668	549
045_P1zBCfkJq8I-055	9.926583333333333	298
045_P1zBCfkJq8I-056	5.271933333333333	158
045_P1zBCfkJq8I-057	20.637283333333333	619
045_P1zBCfkJq8I-058	23.973950000000002	719
045_P1zBCfkJq8I-059	17.734383333333334	532
045_P1zBCfkJq8I-060	9.45945	284
045_P1zBCfkJq8I-061	42.242200000000004	1267
045_P1zBCfkJq8I-062	15.398716666666667	462
045_P1zBCfkJq8I-063	39.78975	1194
045_P1zBCfkJq8I-064	20.003316666666667	600
045_P1zBCfkJq8I-065	55.47208333333334	1664
045_P1zBCfkJq8I-066	6.222883333333334	187
045_P1zBCfkJq8I-067	5.6056	168
045_P1zBCfkJq8I-068	79.29588333333334	2379
045_P1zBCfkJq8I-069	14.9149	447
045_P1zBCfkJq8I-070	24.77475	743
045_P1zBCfkJq8I-071	21.721700000000002	652
045_P1zBCfkJq8I-072	14.030683333333334	421
045_P1zBCfkJq8I-073	4.1041	123
045_P1zBCfkJq8I-074	10.110100000000001	303
045_P1zBCfkJq8I-075	5.005	150
045_P1zBCfkJq8I-076	7.65765	230
045_P1zBCfkJq8I-077	34.56786666666667	1037
045_P1zBCfkJq8I-078	11.36135	341
045_P1zBCfkJq8I-079	9.009	270
045_P1zBCfkJq8I-081	58.54181666666667	1756
045_P1zBCfkJq8I-082	30.38035	911
045_P1zBCfkJq8I-083	6.95695	209
045_P1zBCfkJq8I-084	4.2042	126
045_P1zBCfkJq8I-085	35.335300000000004	1060
045_P1zBCfkJq8I-086	29.045683333333333	871
045_P1zBCfkJq8I-087	3.003	90
045_P1zBCfkJq8I-088	10.377033333333333	311
045_P1zBCfkJq8I-089	6.923583333333333	208
045_P1zBCfkJq8I-090	5.588916666666667	168
045_P1zBCfkJq8I-091	41.274566666666665	1238
045_P1zBCfkJq8I-092	5.85585	176
045_P1zBCfkJq8I-093	32.332300000000004	970
045_P1zBCfkJq8I-094	4.0040000000000004	120
045_P1zBCfkJq8I-095	10.493816666666667	315
045_P1zBCfkJq8I-096	64.9649	1949
045_P1zBCfkJq8I-097	12.16215	365
045_P1zBCfkJq8I-099	11.127783333333333	334
045_P1zBCfkJq8I-100	7.140466666666667	214
045_P1zBCfkJq8I-101	28.028000000000002	841
045_P1zBCfkJq8I-102	4.5045	135
045_P1zBCfkJq8I-103	13.3133	399
045_P1zBCfkJq8I-104	38.97226666666667	1169
045_P1zBCfkJq8I-105	50.38366666666667	1512
045_P1zBCfkJq8I-106	11.494816666666667	345
045_P1zBCfkJq8I-107	16.96695	509
045_P1zBCfkJq8I-108	12.512500000000001	375
045_P1zBCfkJq8I-109	34.40103333333333	1032
045_P1zBCfkJq8I-110	24.47445	734
045_P1zBCfkJq8I-111	7.891216666666667	237
045_P1zBCfkJq8I-112	44.8448	1345
045_P1zBCfkJq8I-113	9.342666666666666	280
045_P1zBCfkJq8I-114	52.10205	1563
045_P1zBCfkJq8I-115	12.145466666666668	364
045_P1zBCfkJq8I-116	20.587233333333334	618
045_P1zBCfkJq8I-117	93.10968333333334	2793
045_P1zBCfkJq8I-118	25.492133333333335	765
045_P1zBCfkJq8I-119	6.189516666666667	186
045_P1zBCfkJq8I-120	10.260250000000001	308
045_P1zBCfkJq8I-121	12.045366666666666	361
045_P1zBCfkJq8I-122	9.042366666666666	271
045_P1zBCfkJq8I-123	42.97626666666667	1289
045_P1zBCfkJq8I-124	109.9098	3297
045_P1zBCfkJq8I-125	10.026683333333333	301
045_P1zBCfkJq8I-126	8.892216666666666	267
045_P1zBCfkJq8I-127	13.296616666666667	399
045_P1zBCfkJq8I-128	10.66065	320
045_P1zBCfkJq8I-129	18.935583333333334	568
045_P1zBCfkJq8I-130	88.9889	2670
045_P1zBCfkJq8I-138	64.61455	1938
045_P1zBCfkJq8I-154	82.71596666666667	2481
045_P1zBCfkJq8I-157	6.222883333333334	187
045_P1zBCfkJq8I-158	26.359666666666666	791
045_P1zBCfkJq8I-168	4.921583333333333	148
045_P1zBCfkJq8I-173	5.939266666666667	178
045_P1zBCfkJq8I-175	7.440766666666667	223
045_P1zBCfkJq8I-176	7.9412666666666665	238
045_P1zBCfkJq8I-177	13.029683333333333	391
046_QT5__FQx0ME-041	3.1698333333333335	95
046_QT5__FQx0ME-071	21.604916666666668	648
046_QT5__FQx0ME-072	17.333983333333332	520
046_QT5__FQx0ME-073	26.27625	788
046_QT5__FQx0ME-074	22.8228	685
046_QT5__FQx0ME-075	16.26625	488
046_QT5__FQx0ME-076	21.054366666666667	632
046_QT5__FQx0ME-077	24.67465	740
046_QT5__FQx0ME-078	9.9099	297
046_QT5__FQx0ME-079	71.58818333333333	2148
046_QT5__FQx0ME-080	12.629283333333333	379
046_QT5__FQx0ME-082	10.744066666666667	322
046_QT5__FQx0ME-083	21.571550000000002	647
046_QT5__FQx0ME-084	5.622283333333334	169
046_QT5__FQx0ME-085	17.450766666666667	524
046_QT5__FQx0ME-086	78.39498333333333	2352
046_QT5__FQx0ME-087	39.37266666666667	1181
046_QT5__FQx0ME-088	5.9726333333333335	179
046_QT5__FQx0ME-089	33.3333	1000
046_QT5__FQx0ME-090	68.61855	2059
046_QT5__FQx0ME-091	17.951266666666665	539
046_QT5__FQx0ME-092	25.608916666666666	768
046_QT5__FQx0ME-093	12.829483333333334	385
046_QT5__FQx0ME-094	6.8568500000000006	206
046_QT5__FQx0ME-095	20.487133333333333	615
046_QT5__FQx0ME-096	42.042	1261
046_QT5__FQx0ME-097	5.321983333333334	160
046_QT5__FQx0ME-098	14.280933333333333	428
046_QT5__FQx0ME-099	15.849166666666667	475
046_QT5__FQx0ME-100	15.799116666666666	474
046_QT5__FQx0ME-101	19.836483333333334	595
046_QT5__FQx0ME-102	8.641966666666667	259
046_QT5__FQx0ME-103	38.038000000000004	1141
046_QT5__FQx0ME-104	49.39935	1482
046_QT5__FQx0ME-105	6.222883333333334	187
046_QT5__FQx0ME-106	41.224516666666666	1237
046_QT5__FQx0ME-107	29.57955	887
046_QT5__FQx0ME-108	180.84733333333332	5425
046_QT5__FQx0ME-109	9.3093	279
046_QT5__FQx0ME-110	106.99021666666667	3210
046_QT5__FQx0ME-112	73.84043333333334	2215
046_QT5__FQx0ME-113	11.528183333333333	346
046_QT5__FQx0ME-114	45.779066666666665	1373
046_QT5__FQx0ME-115	9.592916666666667	288
046_QT5__FQx0ME-116	15.632283333333334	469
046_QT5__FQx0ME-117	22.205516666666668	666
046_QT5__FQx0ME-118	22.57255	677
046_QT5__FQx0ME-119	80.73065	2422
046_QT5__FQx0ME-120	34.90153333333333	1047
046_QT5__FQx0ME-122	93.57681666666667	2807
046_QT5__FQx0ME-134	15.26525	458
046_QT5__FQx0ME-141	58.12473333333333	1744
046_QT5__FQx0ME-155	5.005	150
046_QT5__FQx0ME-156	4.571233333333334	137
046_QT5__FQx0ME-157	4.85485	146
046_QT5__FQx0ME-158	5.3553500000000005	161
046_QT5__FQx0ME-159	9.1091	273
046_QT5__FQx0ME-160	5.922583333333334	178
047_-MmuOimrgmw-035	37.48745	1125
047_-MmuOimrgmw-036	19.36935	581
047_-MmuOimrgmw-037	47.09705	1413
047_-MmuOimrgmw-038	12.078733333333334	362
047_-MmuOimrgmw-039	17.9179	538
047_-MmuOimrgmw-040	11.895216666666666	357
047_-MmuOimrgmw-041	21.004316666666668	630
047_-MmuOimrgmw-042	4.988316666666667	150
047_-MmuOimrgmw-043	59.10905	1773
047_-MmuOimrgmw-044	28.97895	869
047_-MmuOimrgmw-045	48.43171666666667	1453
047_-MmuOimrgmw-046	8.25825	248
047_-MmuOimrgmw-047	6.8568500000000006	206
047_-MmuOimrgmw-048	12.078733333333334	362
047_-MmuOimrgmw-050	5.372033333333333	161
047_-MmuOimrgmw-051	68.63523333333333	2059
047_-MmuOimrgmw-052	54.120733333333334	1624
047_-MmuOimrgmw-053	16.633283333333335	499
047_-MmuOimrgmw-054	24.541183333333333	736
047_-MmuOimrgmw-055	89.52276666666667	2686
047_-MmuOimrgmw-056	20.370350000000002	611
047_-MmuOimrgmw-057	36.06936666666667	1082
047_-MmuOimrgmw-058	83.61686666666667	2509
047_-MmuOimrgmw-059	30.9309	928
047_-MmuOimrgmw-060	48.49845	1455
047_-MmuOimrgmw-061	46.49645	1395
047_-MmuOimrgmw-062	38.822116666666666	1165
047_-MmuOimrgmw-063	20.47045	614
047_-MmuOimrgmw-066	27.861166666666666	836
047_-MmuOimrgmw-067	5.85585	176
047_-MmuOimrgmw-068	16.86685	506
047_-MmuOimrgmw-069	7.4074	222
047_-MmuOimrgmw-070	134.56776666666667	4037
047_-MmuOimrgmw-071	9.85985	296
047_-MmuOimrgmw-072	33.75038333333333	1013
047_-MmuOimrgmw-073	47.464083333333335	1424
047_-MmuOimrgmw-074	4.721383333333334	142
047_-MmuOimrgmw-075	25.475450000000002	764
047_-MmuOimrgmw-076	10.043366666666667	301
047_-MmuOimrgmw-077	86.30288333333334	2589
047_-MmuOimrgmw-078	4.621283333333333	139
047_-MmuOimrgmw-079	24.190833333333334	726
047_-MmuOimrgmw-080	151.83501666666666	4555
047_-MmuOimrgmw-081	7.25725	218
047_-MmuOimrgmw-083	6.840166666666667	205
047_-MmuOimrgmw-084	21.755066666666668	653
047_-MmuOimrgmw-085	154.10395	4623
047_-MmuOimrgmw-086	35.31861666666667	1060
047_-MmuOimrgmw-088	26.710016666666668	801
047_-MmuOimrgmw-089	13.997316666666666	420
047_-MmuOimrgmw-090	6.923583333333333	208
047_-MmuOimrgmw-091	13.06305	392
047_-MmuOimrgmw-092	86.63655	2599
047_-MmuOimrgmw-093	163.04621666666668	4891
047_-MmuOimrgmw-094	41.224516666666666	1237
047_-MmuOimrgmw-095	167.08358333333334	5013
047_-MmuOimrgmw-096	34.617916666666666	1039
047_-MmuOimrgmw-097	94.81138333333334	2844
047_-MmuOimrgmw-109	85.96921666666667	2579
048_cxbU8Se0_eE-075	4.95495	149
048_cxbU8Se0_eE-170	4.0040000000000004	120
048_cxbU8Se0_eE-177	4.95495	149
048_cxbU8Se0_eE-239	9.209200000000001	276
048_cxbU8Se0_eE-240	114.63118333333334	3439
048_cxbU8Se0_eE-241	6.2562500000000005	188
048_cxbU8Se0_eE-242	33.91721666666667	1018
048_cxbU8Se0_eE-243	25.558866666666667	767
048_cxbU8Se0_eE-244	12.46245	374
048_cxbU8Se0_eE-245	98.68191666666667	2960
048_cxbU8Se0_eE-246	5.472133333333334	164
048_cxbU8Se0_eE-247	12.779433333333333	383
048_cxbU8Se0_eE-248	21.504816666666667	645
048_cxbU8Se0_eE-249	20.804116666666665	624
048_cxbU8Se0_eE-250	14.397716666666668	432
048_cxbU8Se0_eE-251	7.65765	230
048_cxbU8Se0_eE-252	7.6409666666666665	229
048_cxbU8Se0_eE-253	16.316300000000002	489
048_cxbU8Se0_eE-254	11.1111	333
048_cxbU8Se0_eE-255	94.52776666666666	2836
048_cxbU8Se0_eE-256	28.928900000000002	868
048_cxbU8Se0_eE-257	16.449766666666665	493
048_cxbU8Se0_eE-258	85.56881666666666	2567
048_cxbU8Se0_eE-259	5.9059	177
048_cxbU8Se0_eE-260	20.77075	623
048_cxbU8Se0_eE-261	5.388716666666666	162
048_cxbU8Se0_eE-262	31.6316	949
048_cxbU8Se0_eE-263	18.385033333333332	552
048_cxbU8Se0_eE-264	82.93285	2488
048_cxbU8Se0_eE-265	12.746066666666668	382
048_cxbU8Se0_eE-266	13.430083333333334	403
048_cxbU8Se0_eE-267	13.96395	419
048_cxbU8Se0_eE-268	5.5055000000000005	165
048_cxbU8Se0_eE-269	15.398716666666667	462
048_cxbU8Se0_eE-270	96.66323333333334	2900
048_cxbU8Se0_eE-271	27.37735	821
048_cxbU8Se0_eE-272	6.139466666666666	184
048_cxbU8Se0_eE-273	23.9239	718
048_cxbU8Se0_eE-274	18.702016666666665	561
048_cxbU8Se0_eE-275	4.137466666666667	124
048_cxbU8Se0_eE-276	23.006316666666667	690
048_cxbU8Se0_eE-277	29.529500000000002	886
048_cxbU8Se0_eE-278	29.446083333333334	883
048_cxbU8Se0_eE-279	5.772433333333334	173
048_cxbU8Se0_eE-280	11.144466666666666	334
048_cxbU8Se0_eE-281	4.571233333333334	137
048_cxbU8Se0_eE-282	23.390033333333335	702
048_cxbU8Se0_eE-283	40.57386666666667	1217
048_cxbU8Se0_eE-284	29.913216666666667	897
048_cxbU8Se0_eE-285	15.015	450
048_cxbU8Se0_eE-286	34.70133333333333	1041
048_cxbU8Se0_eE-287	101.83506666666666	3055
048_cxbU8Se0_eE-288	25.7257	772
048_cxbU8Se0_eE-289	6.5565500000000005	197
048_cxbU8Se0_eE-290	13.880533333333334	416
048_cxbU8Se0_eE-291	38.62191666666667	1159
048_cxbU8Se0_eE-292	13.930583333333333	418
048_cxbU8Se0_eE-293	59.97658333333334	1799
048_cxbU8Se0_eE-294	127.36056666666667	3821
048_cxbU8Se0_eE-295	30.563866666666666	917
048_cxbU8Se0_eE-296	28.411716666666667	852
048_cxbU8Se0_eE-297	173.89038333333335	5217
048_cxbU8Se0_eE-298	12.929583333333333	388
048_cxbU8Se0_eE-317	49.18246666666667	1475
048_cxbU8Se0_eE-348	7.9412666666666665	238
131_kiE3sW4h2Zs-035	5.26	158
131_kiE3sW4h2Zs-038	66.04	1981
131_kiE3sW4h2Zs-039	9.22	277
131_kiE3sW4h2Zs-040	10.82	325
131_kiE3sW4h2Zs-041	5.54	166
131_kiE3sW4h2Zs-042	17.24	517
131_kiE3sW4h2Zs-043	4.62	139
131_kiE3sW4h2Zs-044	6.6	198
131_kiE3sW4h2Zs-045	9.44	283
131_kiE3sW4h2Zs-046	27.8	834
131_kiE3sW4h2Zs-047	60.82	1825
131_kiE3sW4h2Zs-048	24.86	746
131_kiE3sW4h2Zs-049	8.42	253
131_kiE3sW4h2Zs-050	41.18	1235
131_kiE3sW4h2Zs-051	31.86	956
131_kiE3sW4h2Zs-052	15.42	463
131_kiE3sW4h2Zs-053	21.88	656
131_kiE3sW4h2Zs-054	6.92	208
131_kiE3sW4h2Zs-055	11.54	346
131_kiE3sW4h2Zs-056	21.3	639
131_kiE3sW4h2Zs-057	32.82	985
131_kiE3sW4h2Zs-059	16.12	484
131_kiE3sW4h2Zs-060	18.14	544
131_kiE3sW4h2Zs-061	5.18	155
131_kiE3sW4h2Zs-062	10.76	323
131_kiE3sW4h2Zs-063	5.18	155
131_kiE3sW4h2Zs-064	22.06	662
131_kiE3sW4h2Zs-065	24.88	746
131_kiE3sW4h2Zs-066	4.14	124
131_kiE3sW4h2Zs-067	23.88	716
131_kiE3sW4h2Zs-068	6.72	202
131_kiE3sW4h2Zs-069	7.82	235
131_kiE3sW4h2Zs-071	39.18	1175
131_kiE3sW4h2Zs-072	82.3	2469
131_kiE3sW4h2Zs-073	19.58	587
131_kiE3sW4h2Zs-075	33.6	1008
131_kiE3sW4h2Zs-076	40.82	1225
131_kiE3sW4h2Zs-077	10.5	315
131_kiE3sW4h2Zs-079	35.68	1070
131_kiE3sW4h2Zs-080	10.78	323
131_kiE3sW4h2Zs-082	13.34	400
131_kiE3sW4h2Zs-083	13.0	390
131_kiE3sW4h2Zs-084	23.36	701
131_kiE3sW4h2Zs-085	14.66	440
131_kiE3sW4h2Zs-086	60.38	1811
131_kiE3sW4h2Zs-087	41.72	1252
131_kiE3sW4h2Zs-088	31.74	952
131_kiE3sW4h2Zs-089	10.74	322
131_kiE3sW4h2Zs-091	26.06	782
131_kiE3sW4h2Zs-092	66.56	1997
131_kiE3sW4h2Zs-093	15.88	476
132_fA3aIexf6j4-028	4.16	125
132_fA3aIexf6j4-029	83.18	2495
132_fA3aIexf6j4-030	18.16	545
132_fA3aIexf6j4-031	11.18	335
132_fA3aIexf6j4-032	37.5	1125
132_fA3aIexf6j4-033	32.82	985
132_fA3aIexf6j4-034	23.14	694
132_fA3aIexf6j4-035	22.72	682
132_fA3aIexf6j4-036	85.78	2573
132_fA3aIexf6j4-037	20.66	620
132_fA3aIexf6j4-038	14.88	446
132_fA3aIexf6j4-039	14.84	445
132_fA3aIexf6j4-040	24.42	733
132_fA3aIexf6j4-041	9.72	292
132_fA3aIexf6j4-042	10.82	325
132_fA3aIexf6j4-043	8.18	245
132_fA3aIexf6j4-044	33.32	1000
132_fA3aIexf6j4-045	31.08	932
132_fA3aIexf6j4-046	15.22	457
132_fA3aIexf6j4-047	8.02	241
132_fA3aIexf6j4-048	20.74	622
132_fA3aIexf6j4-049	11.24	337
132_fA3aIexf6j4-050	6.28	188
132_fA3aIexf6j4-051	163.1	4893
132_fA3aIexf6j4-054	25.92	778
132_fA3aIexf6j4-055	40.42	1213
132_fA3aIexf6j4-056	74.6	2238
132_fA3aIexf6j4-057	30.52	916
132_fA3aIexf6j4-059	13.94	418
132_fA3aIexf6j4-060	12.98	389
132_fA3aIexf6j4-061	64.02	1921
132_fA3aIexf6j4-062	34.8	1044
132_fA3aIexf6j4-063	70.76	2123
132_fA3aIexf6j4-064	24.04	721
132_fA3aIexf6j4-065	18.12	544
132_fA3aIexf6j4-066	69.34	2080
132_fA3aIexf6j4-067	22.72	682
132_fA3aIexf6j4-068	15.44	463
132_fA3aIexf6j4-069	62.1	1863
132_fA3aIexf6j4-070	75.6	2268
132_fA3aIexf6j4-072	49.8	1494
132_fA3aIexf6j4-073	27.12	814
132_fA3aIexf6j4-074	17.02	511
132_fA3aIexf6j4-075	219.72	6592
132_fA3aIexf6j4-076	22.24	667
132_fA3aIexf6j4-078	33.16	995
132_fA3aIexf6j4-080	13.84	415
132_fA3aIexf6j4-083	14.78	443
132_fA3aIexf6j4-084	78.66	2360
132_fA3aIexf6j4-085	14.46	434
132_fA3aIexf6j4-086	30.28	908
133_22BwapIS6YM-017	19.12	574
133_22BwapIS6YM-018	5.82	175
133_22BwapIS6YM-019	27.88	836
133_22BwapIS6YM-020	9.78	293
133_22BwapIS6YM-021	7.52	226
133_22BwapIS6YM-022	23.14	694
133_22BwapIS6YM-023	4.12	124
133_22BwapIS6YM-024	37.52	1126
133_22BwapIS6YM-025	31.7	951
133_22BwapIS6YM-026	12.14	364
133_22BwapIS6YM-027	5.3	159
133_22BwapIS6YM-028	13.54	406
133_22BwapIS6YM-030	6.64	199
133_22BwapIS6YM-031	8.32	250
133_22BwapIS6YM-032	22.52	676
133_22BwapIS6YM-033	22.78	683
133_22BwapIS6YM-034	22.3	669
133_22BwapIS6YM-035	9.88	296
133_22BwapIS6YM-036	13.8	414
133_22BwapIS6YM-037	11.04	331
133_22BwapIS6YM-038	18.56	557
133_22BwapIS6YM-039	12.16	365
133_22BwapIS6YM-040	25.14	754
133_22BwapIS6YM-041	6.58	197
133_22BwapIS6YM-042	22.26	668
133_22BwapIS6YM-043	21.26	638
133_22BwapIS6YM-044	44.34	1330
133_22BwapIS6YM-045	4.92	148
133_22BwapIS6YM-046	12.08	362
133_22BwapIS6YM-047	25.96	779
133_22BwapIS6YM-048	24.3	729
133_22BwapIS6YM-049	55.88	1676
133_22BwapIS6YM-050	9.36	281
133_22BwapIS6YM-051	59.3	1779
133_22BwapIS6YM-052	21.54	646
133_22BwapIS6YM-053	7.64	229
133_22BwapIS6YM-054	6.38	191
133_22BwapIS6YM-055	42.5	1275
133_22BwapIS6YM-056	12.22	367
133_22BwapIS6YM-057	23.42	703
133_22BwapIS6YM-058	67.04	2011
133_22BwapIS6YM-059	34.88	1046
133_22BwapIS6YM-060	28.36	851
133_22BwapIS6YM-061	6.58	197
133_22BwapIS6YM-063	27.66	830
133_22BwapIS6YM-065	8.68	260
133_22BwapIS6YM-066	29.76	893
133_22BwapIS6YM-067	27.5	825
133_22BwapIS6YM-068	42.24	1267
133_22BwapIS6YM-069	6.88	206
133_22BwapIS6YM-071	19.42	583
133_22BwapIS6YM-072	36.62	1099
133_22BwapIS6YM-073	8.46	254
133_22BwapIS6YM-074	12.6	378
133_22BwapIS6YM-076	66.9	2007
133_22BwapIS6YM-078	7.76	233
133_22BwapIS6YM-079	24.82	745
133_22BwapIS6YM-081	6.06	182
133_22BwapIS6YM-083	10.3	309
134_WaL8MRc7O9Q-023	19.6	588
134_WaL8MRc7O9Q-024	13.76	413
134_WaL8MRc7O9Q-025	21.0	630
134_WaL8MRc7O9Q-026	4.66	140
134_WaL8MRc7O9Q-027	9.36	281
134_WaL8MRc7O9Q-028	23.5	705
134_WaL8MRc7O9Q-029	6.64	199
134_WaL8MRc7O9Q-030	27.32	820
134_WaL8MRc7O9Q-031	73.12	2194
134_WaL8MRc7O9Q-032	30.72	922
134_WaL8MRc7O9Q-034	8.94	268
134_WaL8MRc7O9Q-035	14.76	443
134_WaL8MRc7O9Q-036	28.32	850
134_WaL8MRc7O9Q-037	5.8	174
134_WaL8MRc7O9Q-038	35.88	1076
134_WaL8MRc7O9Q-039	52.5	1575
134_WaL8MRc7O9Q-040	50.1	1503
134_WaL8MRc7O9Q-041	10.34	310
134_WaL8MRc7O9Q-042	56.56	1697
134_WaL8MRc7O9Q-043	10.96	329
134_WaL8MRc7O9Q-044	24.3	729
134_WaL8MRc7O9Q-045	44.18	1325
134_WaL8MRc7O9Q-046	10.96	329
134_WaL8MRc7O9Q-047	6.16	185
134_WaL8MRc7O9Q-048	68.5	2055
134_WaL8MRc7O9Q-049	26.38	791
134_WaL8MRc7O9Q-050	15.98	479
134_WaL8MRc7O9Q-051	5.0	150
134_WaL8MRc7O9Q-052	51.44	1543
134_WaL8MRc7O9Q-053	5.92	178
134_WaL8MRc7O9Q-054	37.44	1123
134_WaL8MRc7O9Q-055	10.84	325
134_WaL8MRc7O9Q-056	54.96	1649
134_WaL8MRc7O9Q-057	11.3	339
134_WaL8MRc7O9Q-058	59.48	1784
134_WaL8MRc7O9Q-059	13.04	391
134_WaL8MRc7O9Q-060	18.92	568
134_WaL8MRc7O9Q-061	27.16	815
134_WaL8MRc7O9Q-062	6.3	189
134_WaL8MRc7O9Q-063	33.48	1004
134_WaL8MRc7O9Q-064	41.7	1251
134_WaL8MRc7O9Q-065	34.06	1022
134_WaL8MRc7O9Q-066	33.22	997
134_WaL8MRc7O9Q-067	42.12	1264
134_WaL8MRc7O9Q-068	17.8	534
134_WaL8MRc7O9Q-069	14.78	443
134_WaL8MRc7O9Q-071	70.94	2128
134_WaL8MRc7O9Q-072	27.72	832
134_WaL8MRc7O9Q-073	8.62	259
134_WaL8MRc7O9Q-074	17.36	521
134_WaL8MRc7O9Q-075	67.54	2026
134_WaL8MRc7O9Q-076	13.68	410
134_WaL8MRc7O9Q-077	19.26	578
134_WaL8MRc7O9Q-078	25.42	763
134_WaL8MRc7O9Q-079	29.38	881
134_WaL8MRc7O9Q-080	10.32	310
134_WaL8MRc7O9Q-082	10.46	314
134_WaL8MRc7O9Q-083	16.8	504
134_WaL8MRc7O9Q-084	11.02	331
134_WaL8MRc7O9Q-085	7.3	219
134_WaL8MRc7O9Q-086	8.14	244
134_WaL8MRc7O9Q-087	65.26	1958
134_WaL8MRc7O9Q-088	12.7	381
134_WaL8MRc7O9Q-089	75.66	2270
135_SvyUJxU_jrA-013	14.66	440
135_SvyUJxU_jrA-027	47.54	1426
135_SvyUJxU_jrA-028	32.98	989
135_SvyUJxU_jrA-029	18.92	568
135_SvyUJxU_jrA-030	6.12	184
135_SvyUJxU_jrA-031	8.68	260
135_SvyUJxU_jrA-032	5.3	159
135_SvyUJxU_jrA-033	33.8	1014
135_SvyUJxU_jrA-034	4.78	143
135_SvyUJxU_jrA-035	15.7	471
135_SvyUJxU_jrA-036	18.38	551
135_SvyUJxU_jrA-037	8.1	243
135_SvyUJxU_jrA-038	4.5	135
135_SvyUJxU_jrA-039	51.1	1533
135_SvyUJxU_jrA-040	21.66	650
135_SvyUJxU_jrA-041	32.3	969
135_SvyUJxU_jrA-042	20.02	601
135_SvyUJxU_jrA-043	90.68	2720
135_SvyUJxU_jrA-044	3.64	109
135_SvyUJxU_jrA-046	10.96	329
135_SvyUJxU_jrA-047	8.22	247
135_SvyUJxU_jrA-048	11.76	353
135_SvyUJxU_jrA-049	15.04	451
135_SvyUJxU_jrA-050	28.14	844
135_SvyUJxU_jrA-051	20.56	617
135_SvyUJxU_jrA-052	18.74	562
135_SvyUJxU_jrA-053	5.1	153
135_SvyUJxU_jrA-054	11.76	353
135_SvyUJxU_jrA-055	30.28	908
135_SvyUJxU_jrA-056	22.62	679
135_SvyUJxU_jrA-057	4.62	139
135_SvyUJxU_jrA-058	8.0	240
135_SvyUJxU_jrA-059	37.68	1130
135_SvyUJxU_jrA-060	19.5	585
135_SvyUJxU_jrA-061	13.32	400
135_SvyUJxU_jrA-062	38.32	1150
135_SvyUJxU_jrA-063	4.7	141
135_SvyUJxU_jrA-064	4.22	127
135_SvyUJxU_jrA-065	25.34	760
135_SvyUJxU_jrA-066	37.06	1112
135_SvyUJxU_jrA-067	4.86	146
135_SvyUJxU_jrA-068	45.52	1366
135_SvyUJxU_jrA-069	9.38	281
135_SvyUJxU_jrA-070	18.3	549
135_SvyUJxU_jrA-071	19.62	589
135_SvyUJxU_jrA-072	7.62	229
135_SvyUJxU_jrA-073	22.08	662
135_SvyUJxU_jrA-074	8.6	258
135_SvyUJxU_jrA-075	10.18	305
135_SvyUJxU_jrA-076	37.38	1121
135_SvyUJxU_jrA-077	8.88	266
135_SvyUJxU_jrA-078	24.4	732
135_SvyUJxU_jrA-079	32.9	987
135_SvyUJxU_jrA-080	4.3	129
135_SvyUJxU_jrA-081	27.6	828
135_SvyUJxU_jrA-082	42.34	1270
135_SvyUJxU_jrA-083	13.26	398
135_SvyUJxU_jrA-084	30.58	917
135_SvyUJxU_jrA-085	20.26	608
135_SvyUJxU_jrA-087	12.44	373
135_SvyUJxU_jrA-088	19.72	592
135_SvyUJxU_jrA-089	17.32	520
135_SvyUJxU_jrA-090	32.86	986
135_SvyUJxU_jrA-091	19.48	584
135_SvyUJxU_jrA-093	3.96	119
135_SvyUJxU_jrA-094	5.38	161
135_SvyUJxU_jrA-095	3.64	109
135_SvyUJxU_jrA-096	74.74	2242
135_SvyUJxU_jrA-097	19.08	572
135_SvyUJxU_jrA-098	29.6	888
135_SvyUJxU_jrA-099	13.02	391
135_SvyUJxU_jrA-100	34.68	1040
135_SvyUJxU_jrA-101	20.98	629
135_SvyUJxU_jrA-102	5.6	168
135_SvyUJxU_jrA-105	19.98	599
135_SvyUJxU_jrA-106	114.2	3426
135_SvyUJxU_jrA-107	6.16	185
135_SvyUJxU_jrA-108	6.42	193
135_SvyUJxU_jrA-109	16.3	489
135_SvyUJxU_jrA-111	15.08	452
135_SvyUJxU_jrA-112	6.48	194
135_SvyUJxU_jrA-113	18.36	551
136_CGiyn-Os-Zg-015	44.08	1322
136_CGiyn-Os-Zg-016	13.28	398
136_CGiyn-Os-Zg-017	11.8	354
136_CGiyn-Os-Zg-018	10.72	322
136_CGiyn-Os-Zg-019	7.22	217
136_CGiyn-Os-Zg-020	8.8	264
136_CGiyn-Os-Zg-021	8.66	260
136_CGiyn-Os-Zg-022	57.92	1738
136_CGiyn-Os-Zg-023	8.94	268
136_CGiyn-Os-Zg-025	37.7	1131
136_CGiyn-Os-Zg-026	10.1	303
136_CGiyn-Os-Zg-027	44.94	1348
136_CGiyn-Os-Zg-028	10.24	307
136_CGiyn-Os-Zg-029	78.32	2350
136_CGiyn-Os-Zg-030	46.24	1387
136_CGiyn-Os-Zg-031	84.24	2527
136_CGiyn-Os-Zg-032	4.6	138
136_CGiyn-Os-Zg-033	33.08	992
136_CGiyn-Os-Zg-034	3.74	112
136_CGiyn-Os-Zg-035	6.44	193
136_CGiyn-Os-Zg-036	25.36	761
136_CGiyn-Os-Zg-037	6.52	196
136_CGiyn-Os-Zg-038	7.92	238
136_CGiyn-Os-Zg-039	43.06	1292
136_CGiyn-Os-Zg-040	35.54	1066
136_CGiyn-Os-Zg-041	54.28	1628
136_CGiyn-Os-Zg-042	14.84	445
136_CGiyn-Os-Zg-043	4.72	142
136_CGiyn-Os-Zg-044	14.54	436
136_CGiyn-Os-Zg-045	26.12	784
136_CGiyn-Os-Zg-046	23.14	694
136_CGiyn-Os-Zg-048	9.96	299
136_CGiyn-Os-Zg-049	49.34	1480
136_CGiyn-Os-Zg-050	5.12	154
136_CGiyn-Os-Zg-051	12.6	378
136_CGiyn-Os-Zg-052	19.08	572
136_CGiyn-Os-Zg-053	23.92	718
136_CGiyn-Os-Zg-054	19.0	570
136_CGiyn-Os-Zg-055	6.94	208
136_CGiyn-Os-Zg-056	52.96	1589
136_CGiyn-Os-Zg-057	6.32	190
136_CGiyn-Os-Zg-058	38.14	1144
136_CGiyn-Os-Zg-059	34.02	1021
136_CGiyn-Os-Zg-060	23.38	701
136_CGiyn-Os-Zg-062	5.6	168
136_CGiyn-Os-Zg-063	10.9	327
136_CGiyn-Os-Zg-064	8.78	263
136_CGiyn-Os-Zg-065	5.94	178
136_CGiyn-Os-Zg-066	84.4	2532
136_CGiyn-Os-Zg-067	70.68	2120
136_CGiyn-Os-Zg-069	7.26	218
136_CGiyn-Os-Zg-071	101.26	3038
137_YHePobb2JRk-024	20.82	625
137_YHePobb2JRk-026	34.64	1039
137_YHePobb2JRk-027	65.04	1951
137_YHePobb2JRk-028	14.38	431
137_YHePobb2JRk-029	7.96	239
137_YHePobb2JRk-030	59.44	1783
137_YHePobb2JRk-031	8.04	241
137_YHePobb2JRk-032	80.3	2409
137_YHePobb2JRk-033	9.36	281
137_YHePobb2JRk-034	8.88	266
137_YHePobb2JRk-035	6.94	208
137_YHePobb2JRk-036	15.94	478
137_YHePobb2JRk-037	23.18	695
137_YHePobb2JRk-038	26.02	781
137_YHePobb2JRk-039	25.66	770
137_YHePobb2JRk-040	9.86	296
137_YHePobb2JRk-041	33.08	992
137_YHePobb2JRk-042	35.56	1067
137_YHePobb2JRk-043	4.88	146
137_YHePobb2JRk-044	6.38	191
137_YHePobb2JRk-045	28.7	861
137_YHePobb2JRk-046	7.98	239
137_YHePobb2JRk-048	26.86	806
137_YHePobb2JRk-049	13.38	401
137_YHePobb2JRk-050	5.8	174
137_YHePobb2JRk-051	9.78	293
137_YHePobb2JRk-052	26.64	799
137_YHePobb2JRk-053	21.4	642
137_YHePobb2JRk-054	7.44	223
137_YHePobb2JRk-055	37.08	1112
137_YHePobb2JRk-056	22.64	679
137_YHePobb2JRk-057	9.42	283
137_YHePobb2JRk-058	8.84	265
137_YHePobb2JRk-059	16.88	506
137_YHePobb2JRk-060	19.16	575
137_YHePobb2JRk-061	6.88	206
137_YHePobb2JRk-062	26.82	805
137_YHePobb2JRk-063	8.46	254
137_YHePobb2JRk-064	30.4	912
137_YHePobb2JRk-065	5.92	178
137_YHePobb2JRk-067	77.56	2327
137_YHePobb2JRk-068	49.82	1495
137_YHePobb2JRk-069	22.14	664
137_YHePobb2JRk-070	5.54	166
137_YHePobb2JRk-071	28.14	844
137_YHePobb2JRk-072	19.02	571
137_YHePobb2JRk-074	30.7	921
137_YHePobb2JRk-075	60.02	1801
137_YHePobb2JRk-076	7.42	223
137_YHePobb2JRk-077	34.76	1043
137_YHePobb2JRk-078	12.02	361
137_YHePobb2JRk-079	38.62	1159
137_YHePobb2JRk-080	32.44	973
137_YHePobb2JRk-081	12.06	362
137_YHePobb2JRk-082	13.0	390
137_YHePobb2JRk-083	15.8	474
137_YHePobb2JRk-084	4.28	128
137_YHePobb2JRk-085	14.46	434
137_YHePobb2JRk-086	44.0	1320
137_YHePobb2JRk-087	54.64	1639
137_YHePobb2JRk-088	38.2	1146
137_YHePobb2JRk-089	8.82	265
137_YHePobb2JRk-091	44.22	1327
137_YHePobb2JRk-092	20.68	620
137_YHePobb2JRk-093	47.68	1430
137_YHePobb2JRk-095	11.12	334
137_YHePobb2JRk-098	21.92	658
137_YHePobb2JRk-099	10.94	328
137_YHePobb2JRk-100	64.36	1931
137_YHePobb2JRk-101	119.06	3572
137_YHePobb2JRk-102	29.12	874
137_YHePobb2JRk-103	5.38	161
137_YHePobb2JRk-104	37.14	1114
137_YHePobb2JRk-105	9.8	294
137_YHePobb2JRk-106	86.42	2593
138_844sWTQleXQ-027	14.08	422
138_844sWTQleXQ-028	7.62	229
138_844sWTQleXQ-029	16.4	492
138_844sWTQleXQ-030	9.64	289
138_844sWTQleXQ-031	29.38	881
138_844sWTQleXQ-032	25.14	754
138_844sWTQleXQ-033	20.48	614
138_844sWTQleXQ-034	4.24	127
138_844sWTQleXQ-035	18.78	563
138_844sWTQleXQ-036	32.18	965
138_844sWTQleXQ-037	13.84	415
138_844sWTQleXQ-038	5.02	151
138_844sWTQleXQ-039	7.86	236
138_844sWTQleXQ-040	3.66	110
138_844sWTQleXQ-041	15.12	454
138_844sWTQleXQ-042	15.4	462
138_844sWTQleXQ-043	13.74	412
138_844sWTQleXQ-044	20.62	619
138_844sWTQleXQ-045	8.04	241
138_844sWTQleXQ-046	64.4	1932
138_844sWTQleXQ-047	22.42	673
138_844sWTQleXQ-048	18.76	563
138_844sWTQleXQ-049	8.82	265
138_844sWTQleXQ-050	11.38	341
138_844sWTQleXQ-051	46.52	1396
138_844sWTQleXQ-052	14.74	442
138_844sWTQleXQ-053	9.02	271
138_844sWTQleXQ-054	13.38	401
138_844sWTQleXQ-055	14.62	439
138_844sWTQleXQ-056	7.48	224
138_844sWTQleXQ-057	36.76	1103
138_844sWTQleXQ-058	76.58	2297
138_844sWTQleXQ-059	15.4	462
138_844sWTQleXQ-060	41.92	1258
138_844sWTQleXQ-061	12.04	361
138_844sWTQleXQ-062	18.6	558
138_844sWTQleXQ-063	4.84	145
138_844sWTQleXQ-064	14.42	433
138_844sWTQleXQ-065	24.74	742
138_844sWTQleXQ-066	13.58	407
138_844sWTQleXQ-067	29.94	898
138_844sWTQleXQ-068	13.24	397
138_844sWTQleXQ-069	30.38	911
138_844sWTQleXQ-070	12.78	383
138_844sWTQleXQ-071	54.98	1649
138_844sWTQleXQ-072	7.52	226
138_844sWTQleXQ-073	23.16	695
138_844sWTQleXQ-074	6.28	188
138_844sWTQleXQ-075	57.06	1712
138_844sWTQleXQ-076	21.98	659
138_844sWTQleXQ-077	32.22	967
138_844sWTQleXQ-078	32.7	981
138_844sWTQleXQ-079	12.28	368
138_844sWTQleXQ-080	8.46	254
138_844sWTQleXQ-081	18.48	554
138_844sWTQleXQ-082	16.02	481
138_844sWTQleXQ-083	63.1	1893
138_844sWTQleXQ-085	26.68	800
138_844sWTQleXQ-086	92.06	2762
138_844sWTQleXQ-087	121.42	3643
138_844sWTQleXQ-089	24.34	730
138_844sWTQleXQ-090	6.38	191
138_844sWTQleXQ-091	34.6	1038
138_844sWTQleXQ-092	10.02	301
138_844sWTQleXQ-093	7.04	211
138_844sWTQleXQ-094	14.54	436
138_844sWTQleXQ-096	97.92	2938
138_844sWTQleXQ-097	6.84	205
138_844sWTQleXQ-098	22.28	668
138_844sWTQleXQ-099	63.5	1905
